,Rk,Tm,W,L,W-L%,R,RA,Rdiff,SOS,SRS,pythWL,Luck,vEast,vCent,vWest,Inter,Home,Road,ExInn,1Run,vRHP,vLHP,≥.500,<.500,year,Strk,last10,last20,last30
0,1,St. Louis Cardinals,100,62,.617,4.0,3.2,0.8,-0.3,0.5,96-66,4,20-12,46-30,23-11,11-9,55-26,45-36,8-8,32-23,75-44,25-18,46-31,54-31,2015,,,,
1,2,Pittsburgh Pirates,98,64,.605,4.3,3.7,0.6,-0.3,0.3,93-69,5,24-9,34-42,27-6,13-7,53-28,45-36,12-9,36-17,78-48,20-16,42-32,56-32,2015,,,,
2,3,Chicago Cubs,97,65,.599,4.3,3.8,0.5,-0.3,0.2,90-72,7,22-12,46-30,19-13,10-10,49-32,48-33,13-5,34-21,77-51,20-14,44-32,53-33,2015,,,,
3,4,Kansas City Royals,95,67,.586,4.5,4.0,0.5,0.2,0.7,90-72,5,18-16,44-32,20-12,13-7,51-30,44-37,10-6,23-17,64-40,31-27,47-43,48-24,2015,,,,
4,5,Toronto Blue Jays,93,69,.574,5.5,4.1,1.4,0.2,1.6,102-60,-9,42-34,20-14,19-13,12-8,53-28,40-41,8-6,15-28,73-54,20-15,53-33,40-36,2015,,,,
5,6,Los Angeles Dodgers,92,70,.568,4.1,3.7,0.4,-0.3,0.1,89-73,3,19-13,17-17,46-30,10-10,55-26,37-44,6-9,23-26,67-51,25-19,28-37,64-33,2015,,,,
6,7,New York Mets,90,72,.556,4.2,3.8,0.4,-0.4,0.0,89-73,1,47-29,13-20,21-12,9-11,49-32,41-40,9-6,25-24,70-56,20-16,28-38,62-34,2015,,,,
7,8,Texas Rangers,88,74,.543,4.6,4.5,0.1,0.2,0.4,83-79,5,23-11,18-14,36-40,11-9,43-38,45-36,5-4,27-22,53-43,35-31,48-36,40-38,2015,,,,
8,9,New York Yankees,87,75,.537,4.7,4.3,0.4,0.3,0.8,88-74,-1,38-38,21-12,17-16,11-9,45-36,42-39,4-9,23-24,60-52,27-23,40-47,47-28,2015,,,,
9,10,Houston Astros,86,76,.531,4.5,3.8,0.7,0.2,0.9,93-69,-7,18-16,14-18,38-38,16-4,53-28,33-48,8-6,21-29,56-45,30-31,42-43,44-33,2015,,,,
10,11,Los Angeles Angels of Anaheim,85,77,.525,4.1,4.2,-0.1,0.3,0.2,79-83,6,16-16,17-17,44-32,8-12,49-32,36-45,5-7,35-17,60-55,25-22,38-48,47-29,2015,,,,
11,12,San Francisco Giants,84,78,.519,4.3,3.9,0.4,-0.3,0.1,89-73,-5,18-15,15-18,38-38,13-7,47-34,37-44,6-5,19-28,62-56,22-22,29-33,55-45,2015,,,,
12,13,Minnesota Twins,83,79,.512,4.3,4.3,0.0,0.2,0.2,81-81,2,19-14,40-36,16-17,8-12,46-35,37-44,6-8,21-20,55-53,28-26,42-46,41-33,2015,,,,
13,14,Washington Nationals,83,79,.512,4.3,3.9,0.4,-0.4,0.0,89-73,-6,44-32,14-19,17-16,8-12,46-35,37-44,9-2,22-22,60-63,23-16,28-37,55-42,2015,,,,
14,15,Cleveland Indians,81,80,.503,4.2,4.0,0.2,0.2,0.4,84-77,-3,18-15,32-43,19-14,12-8,39-41,42-39,5-4,15-18,57-49,24-31,41-46,40-34,2015,,,,
15,16,Baltimore Orioles,81,81,.500,4.4,4.3,0.1,0.4,0.5,83-79,-2,39-37,15-18,15-18,12-8,47-31,34-50,6-5,25-26,59-58,22-23,37-51,44-30,2015,,,,
16,17,Tampa Bay Rays,80,82,.494,4.0,4.0,0.0,0.4,0.4,81-81,-1,36-40,13-19,17-17,14-6,42-42,38-40,2-13,26-30,50-59,30-23,46-58,34-24,2015,,,,
17,18,Arizona Diamondbacks,79,83,.488,4.4,4.4,0.0,-0.3,-0.2,82-80,-3,15-18,14-19,39-37,11-9,39-42,40-41,9-9,20-24,60-61,19-22,32-53,47-30,2015,,,,
18,19,Boston Red Sox,78,84,.481,4.6,4.6,0.0,0.4,0.3,81-81,-3,35-41,15-18,15-18,13-7,43-38,35-46,7-7,20-19,57-59,21-25,44-59,34-25,2015,,,,
19,20,Chicago White Sox,76,86,.469,3.8,4.3,-0.5,0.3,-0.2,72-90,4,14-19,32-44,21-12,9-11,40-41,36-45,13-5,29-30,58-68,18-18,49-61,27-25,2015,,,,
20,21,Seattle Mariners,76,86,.469,4.0,4.5,-0.4,0.3,-0.1,74-88,2,15-17,14-20,39-37,8-12,36-45,40-41,10-13,28-29,54-54,22-32,44-58,32-28,2015,,,,
21,22,Detroit Tigers,74,87,.460,4.3,5.0,-0.7,0.3,-0.4,69-92,5,12-20,41-34,12-22,9-11,38-43,36-44,9-8,26-22,53-70,21-17,51-59,23-28,2015,,,,
22,23,San Diego Padres,74,88,.457,4.0,4.5,-0.5,-0.2,-0.7,72-90,2,17-16,15-18,35-41,7-13,39-42,35-46,7-5,22-21,55-67,19-21,33-50,41-38,2015,,,,
23,24,Miami Marlins,71,91,.438,3.8,4.2,-0.4,-0.3,-0.7,74-88,-3,35-41,13-19,16-18,7-13,41-40,30-51,6-3,23-21,57-72,14-19,33-47,38-44,2015,,,,
24,25,Milwaukee Brewers,68,94,.420,4.0,4.5,-0.5,-0.2,-0.7,72-90,-4,17-16,31-45,12-21,8-12,34-47,34-47,4-5,16-16,49-74,19-20,36-61,32-33,2015,,,,
25,26,Oakland Athletics,68,94,.420,4.3,4.5,-0.2,0.3,0.1,77-85,-9,10-23,14-19,33-43,11-9,34-47,34-47,7-10,19-35,53-62,15-32,45-62,23-32,2015,,,,
26,27,Colorado Rockies,68,94,.420,4.5,5.2,-0.7,-0.2,-0.9,71-91,-3,16-18,15-17,32-44,5-15,36-45,32-49,3-5,20-24,57-62,11-32,29-53,39-41,2015,,,,
27,28,Atlanta Braves,67,95,.414,3.5,4.7,-1.2,-0.2,-1.4,61-101,6,34-42,15-18,12-21,6-14,42-39,25-56,4-9,28-18,54-72,13-23,29-53,38-42,2015,,,,
28,29,Cincinnati Reds,64,98,.395,4.0,4.7,-0.7,-0.1,-0.8,69-93,-5,16-17,33-43,8-25,7-13,34-47,30-51,5-12,18-29,49-71,15-27,35-62,29-36,2015,,,,
29,30,Philadelphia Phillies,63,99,.389,3.9,5.0,-1.1,-0.2,-1.4,62-100,1,30-46,11-23,14-18,8-12,37-44,26-55,6-9,16-27,45-79,18-20,29-54,34-45,2015,,,,
30,,Average,80,80,.500, 4.2, 4.3,,,,81-80,,24-23,22-24,24-23,10-10,43-37,37-43,7-7,23-23,59-58,21-22,38-47,42-33,2015,,,,
31,1,Chicago Cubs,103,58,.640,5.0,3.4,1.6,-0.2,1.3,107-54,-4,19-14,50-25,19-14,15-5,57-24,46-34,9-4,22-23,75-41,28-17,31-25,72-33,2016,,,,
32,2,Washington Nationals,95,67,.586,4.7,3.8,0.9,-0.3,0.6,97-65,-2,51-25,17-16,15-18,12-8,50-31,45-36,5-8,26-19,75-53,20-14,31-29,64-38,2016,,,,
33,3,Texas Rangers,95,67,.586,4.7,4.7,0.0,0.1,0.2,82-80,13,16-17,19-14,47-29,13-7,53-28,42-39,6-6,36-11,73-48,22-19,60-31,35-36,2016,,,,
34,4,Cleveland Indians,94,67,.584,4.8,4.2,0.6,0.0,0.6,91-70,3,14-18,49-26,18-16,13-7,53-28,41-39,6-6,28-21,63-47,31-20,48-43,46-24,2016,,,,
35,5,Boston Red Sox,93,69,.574,5.4,4.3,1.1,0.1,1.3,98-64,-5,43-33,15-18,21-12,14-6,47-34,46-35,7-4,20-24,73-52,20-17,55-48,38-21,2016,,,,
36,6,Los Angeles Dodgers,91,71,.562,4.5,3.9,0.5,-0.2,0.4,90-72,1,19-13,19-15,43-33,10-10,53-28,38-43,6-8,22-20,69-47,22-24,31-26,60-45,2016,,,,
37,7,Baltimore Orioles,89,73,.549,4.6,4.4,0.2,0.3,0.4,84-78,5,40-36,23-9,12-22,14-6,50-31,39-42,6-2,21-16,66-50,23-23,53-54,36-19,2016,,,,
38,8,Toronto Blue Jays,89,73,.549,4.7,4.1,0.6,0.2,0.8,91-71,-2,40-36,18-15,18-15,13-7,46-35,43-38,4-9,21-25,65-53,24-20,58-45,31-28,2016,,,,
39,9,San Francisco Giants,87,75,.537,4.4,3.9,0.5,-0.2,0.3,90-72,-3,17-16,17-16,45-31,8-12,45-36,42-39,11-7,28-27,57-53,30-22,27-33,60-42,2016,,,,
40,10,New York Mets,87,75,.537,4.1,3.8,0.3,-0.3,0.1,87-75,0,40-36,22-10,13-21,12-8,44-37,43-38,8-5,25-22,68-57,19-18,30-30,57-45,2016,,,,
41,11,Detroit Tigers,86,75,.534,4.7,4.5,0.2,0.0,0.2,83-78,3,19-15,38-37,16-16,13-7,45-35,41-40,5-4,26-17,61-53,25-22,37-52,49-23,2016,,,,
42,12,Seattle Mariners,86,76,.531,4.7,4.4,0.4,0.1,0.5,87-75,-1,19-13,16-18,38-38,13-7,44-37,42-39,9-8,30-30,62-42,24-34,44-47,42-29,2016,,,,
43,13,St. Louis Cardinals,86,76,.531,4.8,4.4,0.4,-0.1,0.3,88-74,-2,17-16,42-34,19-14,8-12,38-43,48-33,4-3,24-23,66-52,20-24,24-35,62-41,2016,,,,
44,14,Houston Astros,84,78,.519,4.5,4.3,0.1,0.1,0.3,83-79,1,15-18,17-16,41-35,11-9,43-38,41-40,10-8,28-25,57-52,27-26,39-53,45-25,2016,,,,
45,15,New York Yankees,84,78,.519,4.2,4.3,-0.1,0.3,0.1,79-83,5,35-41,21-12,20-13,8-12,48-33,36-45,4-3,24-12,59-52,25-26,52-54,32-24,2016,,,,
46,16,Kansas City Royals,81,81,.500,4.2,4.4,-0.2,0.1,-0.2,77-85,4,15-17,46-30,10-24,10-10,47-34,34-47,7-3,23-25,60-59,21-22,40-55,41-26,2016,,,,
47,17,Miami Marlins,79,82,.491,4.1,4.2,-0.2,-0.2,-0.4,78-83,1,32-43,21-13,20-12,6-14,40-40,39-42,4-7,22-24,57-70,22-12,32-43,47-39,2016,,,,
48,18,Pittsburgh Pirates,78,83,.484,4.5,4.7,-0.2,-0.1,-0.2,78-83,0,14-19,33-42,22-11,9-11,38-42,40-41,8-5,20-21,58-74,20-9,32-45,46-38,2016,,,,
49,19,Chicago White Sox,78,84,.481,4.2,4.4,-0.2,0.1,-0.1,78-84,0,19-14,32-44,18-15,9-11,45-36,33-48,8-7,23-29,58-66,20-18,51-61,27-23,2016,,,,
50,20,Colorado Rockies,75,87,.463,5.2,5.3,-0.1,-0.1,-0.2,80-82,-5,20-14,11-21,35-41,9-11,42-39,33-48,3-6,12-20,56-58,19-29,40-40,35-47,2016,,,,
51,21,Los Angeles Angels,74,88,.457,4.4,4.5,-0.1,0.2,0.1,80-82,-6,13-21,17-15,35-41,9-11,40-41,34-47,0-4,17-20,53-66,21-22,46-68,28-20,2016,,,,
52,22,Milwaukee Brewers,73,89,.451,4.1,4.5,-0.4,-0.1,-0.5,74-88,-1,16-17,31-45,15-18,11-9,41-40,32-49,4-9,23-28,43-70,30-19,27-46,46-43,2016,,,,
53,23,Philadelphia Phillies,71,91,.438,3.8,4.9,-1.1,-0.1,-1.3,62-100,9,30-46,12-21,18-15,11-9,37-44,34-47,7-6,28-23,54-74,17-17,27-49,44-42,2016,,,,
54,24,Arizona Diamondbacks,69,93,.426,4.6,5.5,-0.9,0.0,-0.9,69-93,0,18-15,13-20,33-43,5-15,33-48,36-45,8-8,22-17,46-71,23-22,30-52,39-41,2016,,,,
55,25,Oakland Athletics,69,93,.426,4.0,4.7,-0.7,0.2,-0.5,70-92,-1,16-17,17-16,29-47,7-13,34-47,35-46,6-5,25-28,53-67,16-26,49-64,20-29,2016,,,,
56,26,Atlanta Braves,68,93,.422,4.0,4.8,-0.8,-0.1,-0.9,67-94,1,36-39,13-20,11-22,8-12,31-50,37-43,11-11,21-22,52-62,16-31,27-49,41-44,2016,,,,
57,27,San Diego Padres,68,94,.420,4.2,4.8,-0.5,-0.1,-0.6,72-90,-4,14-19,14-19,34-42,6-14,39-42,29-52,6-6,19-31,47-72,21-22,32-50,36-44,2016,,,,
58,28,Tampa Bay Rays,68,94,.420,4.1,4.4,-0.3,0.3,0.0,77-85,-9,32-44,11-23,15-17,10-10,36-45,32-49,4-3,13-27,50-68,18-26,47-74,21-20,2016,,,,
59,29,Cincinnati Reds,68,94,.420,4.4,5.3,-0.9,0.0,-0.8,68-94,0,14-19,33-43,16-17,5-15,38-43,30-51,3-10,22-27,54-74,14-20,24-54,44-40,2016,,,,
60,30,Minnesota Twins,59,103,.364,4.5,5.5,-1.0,0.1,-0.9,66-96,-7,10-24,24-52,17-15,8-12,30-51,29-52,6-10,15-29,38-78,21-25,35-75,24-28,2016,,,,
61,,Average,80,80,.500, 4.5, 4.5,,,,81-80,,23-23,23-23,23-23,10-10,42-38,38-42,6-6,22-22,58-59,21-21,38-47,42-33,2016,,,,
62,1,Los Angeles Dodgers,104,58,.642,4.8,3.6,1.2,-0.2,0.9,102-60,2,24-10,23-9,41-35,16-4,57-24,47-34,8-4,25-19,71-43,33-15,36-33,68-25,2017,,,,
63,2,Cleveland Indians,102,60,.630,5.0,3.5,1.6,-0.1,1.5,108-54,-6,22-12,50-26,24-8,6-14,49-32,53-28,4-2,20-15,66-36,36-24,27-22,75-38,2017,,,,
64,3,Houston Astros,101,61,.623,5.5,4.3,1.2,0.0,1.2,99-63,2,21-13,15-17,50-26,15-5,48-33,53-28,4-4,19-13,80-37,21-24,18-15,83-46,2017,,,,
65,4,Washington Nationals,97,65,.599,5.1,4.1,0.9,-0.3,0.6,96-66,1,47-29,19-15,21-11,10-10,47-34,50-31,7-4,30-21,75-50,22-15,23-19,74-46,2017,,,,
66,5,Boston Red Sox,93,69,.574,4.8,4.1,0.7,0.1,0.8,93-69,0,41-35,20-14,16-16,16-4,48-33,45-36,15-3,22-19,75-50,18-19,27-23,66-46,2017,,,,
67,6,Arizona Diamondbacks,93,69,.574,5.0,4.1,0.9,-0.2,0.8,96-66,-3,19-14,17-16,45-31,12-8,52-29,41-40,9-3,29-23,68-52,25-17,39-35,54-34,2017,,,,
68,7,Chicago Cubs,92,70,.568,5.1,4.3,0.8,-0.2,0.6,93-69,-1,21-13,46-30,13-19,12-8,48-33,44-37,7-3,26-17,71-56,21-14,35-35,57-35,2017,,,,
69,8,New York Yankees,91,71,.562,5.3,4.1,1.2,0.1,1.3,100-62,-9,44-32,18-15,14-19,15-5,51-30,40-41,5-6,18-26,67-48,24-23,26-22,65-49,2017,,,,
70,9,Colorado Rockies,87,75,.537,5.1,4.7,0.4,-0.1,0.3,87-75,0,17-16,18-15,42-34,10-10,46-35,41-40,2-3,21-14,59-55,28-20,37-35,50-40,2017,,,,
71,10,Milwaukee Brewers,86,76,.531,4.5,4.3,0.2,-0.1,0.1,85-77,1,18-14,40-36,17-17,11-9,46-38,40-38,5-11,25-22,69-59,17-17,37-38,49-38,2017,,,,
72,11,Minnesota Twins,85,77,.525,5.0,4.9,0.2,0.1,0.2,83-79,2,15-18,41-35,16-17,13-7,41-40,44-37,3-3,15-18,59-54,26-23,20-31,65-46,2017,,,,
73,12,St. Louis Cardinals,83,79,.512,4.7,4.4,0.3,-0.1,0.2,87-75,-4,22-10,34-42,19-15,8-12,44-37,39-42,5-9,24-29,64-63,19-16,27-44,56-35,2017,,,,
74,13,Los Angeles Angels,80,82,.494,4.4,4.4,0.0,0.1,0.1,81-81,-1,19-13,11-23,39-37,11-9,43-38,37-44,8-7,27-22,56-58,24-24,21-31,59-51,2017,,,,
75,14,Kansas City Royals,80,82,.494,4.3,4.9,-0.5,0.2,-0.4,72-90,8,17-15,35-41,19-15,9-11,43-38,37-44,4-7,25-16,62-59,18-23,29-42,51-40,2017,,,,
76,15,Tampa Bay Rays,80,82,.494,4.3,4.3,-0.1,0.2,0.1,80-82,0,35-41,18-15,16-17,11-9,42-39,38-43,8-6,21-24,61-53,19-29,31-37,49-45,2017,,,,
77,16,Texas Rangers,78,84,.481,4.9,5.0,-0.1,0.1,0.0,79-83,-1,12-20,18-16,34-42,14-6,41-40,37-44,5-5,13-24,56-66,22-18,18-30,60-54,2017,,,,
78,17,Seattle Mariners,78,84,.481,4.6,4.8,-0.1,0.1,0.0,79-83,-1,13-19,18-16,35-41,12-8,40-41,38-43,7-5,26-15,56-61,22-23,20-32,58-52,2017,,,,
79,18,Miami Marlins,77,85,.475,4.8,5.1,-0.3,-0.2,-0.5,77-85,0,34-42,15-19,19-13,9-11,42-36,35-49,6-5,18-22,64-64,13-21,22-40,55-45,2017,,,,
80,19,Toronto Blue Jays,76,86,.469,4.3,4.8,-0.6,0.3,-0.3,72-90,4,33-43,13-18,21-14,9-11,42-39,34-47,5-14,26-27,58-62,18-24,27-41,49-45,2017,,,,
81,20,Pittsburgh Pirates,75,87,.463,4.1,4.5,-0.4,-0.1,-0.4,74-88,1,21-13,33-43,11-21,10-10,44-37,31-50,8-9,20-24,58-63,17-24,40-50,35-37,2017,,,,
82,21,Baltimore Orioles,75,87,.463,4.6,5.2,-0.6,0.3,-0.3,72-90,3,37-39,13-21,17-15,8-12,46-35,29-52,12-4,21-20,49-63,26-24,25-46,50-41,2017,,,,
83,22,Oakland Athletics,75,87,.463,4.6,5.1,-0.5,0.2,-0.4,73-89,2,16-19,20-11,32-44,7-13,46-35,29-52,4-9,21-21,56-61,19-26,24-25,51-62,2017,,,,
84,23,Atlanta Braves,72,90,.444,4.5,5.1,-0.5,-0.2,-0.7,73-89,-1,33-43,11-21,19-15,9-11,37-44,35-46,6-8,19-24,57-75,15-15,25-37,47-53,2017,,,,
85,24,San Diego Padres,71,91,.438,3.7,5.0,-1.3,0.0,-1.3,59-103,12,14-19,16-17,33-43,8-12,43-38,28-53,4-7,19-19,52-64,19-27,35-56,36-35,2017,,,,
86,25,New York Mets,70,92,.432,4.5,5.3,-0.8,-0.1,-0.9,69-93,1,37-39,14-19,12-21,7-13,37-44,33-48,3-8,21-24,55-69,15-23,17-49,53-43,2017,,,,
87,26,Cincinnati Reds,68,94,.420,4.6,5.4,-0.7,0.0,-0.7,70-92,-2,13-20,37-39,13-20,5-15,39-42,29-52,3-7,13-22,59-65,9-29,34-60,34-34,2017,,,,
88,27,Chicago White Sox,67,95,.414,4.4,5.1,-0.7,0.2,-0.5,70-92,-3,13-20,33-43,15-18,6-14,39-42,28-53,5-5,21-23,47-69,20-26,23-49,44-46,2017,,,,
89,28,Philadelphia Phillies,66,96,.407,4.3,4.8,-0.6,-0.1,-0.7,72-90,-6,39-37,11-21,11-23,5-15,39-42,27-54,7-10,21-36,42-75,24-21,23-43,43-53,2017,,,,
90,29,San Francisco Giants,64,98,.395,3.9,4.8,-0.8,0.0,-0.9,67-95,-3,9-23,18-16,29-47,8-12,38-43,26-55,12-7,23-24,46-68,18-30,36-54,28-44,2017,,,,
91,30,Detroit Tigers,64,98,.395,4.5,5.5,-1.0,0.2,-0.8,67-95,-3,16-17,31-45,9-24,8-12,34-47,30-51,1-4,17-23,43-76,21-22,28-40,36-58,2017,,,,
92,,Average,81,81,.500, 4.6, 4.6,,,,81-80,,24-23,23-23,23-23,10-10,43-37,37-43,6-6,21-21,60-59,20-21,27-37,53-43,2017,,,,
93,1,Boston Red Sox,108,54,.667,5.4,4.0,1.4,-0.2,1.2,103-59,5,52-24,19-14,21-12,16-4,57-24,51-30,8-5,25-14,87-38,21-16,41-33,67-21,2018,,,,
94,2,Houston Astros,103,59,.636,4.9,3.3,1.6,-0.1,1.5,109-53,-6,19-15,25-7,46-30,13-7,46-35,57-24,5-6,24-24,66-36,37-23,41-38,62-21,2018,,,,
95,3,New York Yankees,100,62,.617,5.3,4.1,1.1,-0.2,0.9,99-63,1,44-32,23-11,22-10,11-9,53-28,47-34,9-5,23-17,70-47,30-15,41-30,59-32,2018,,,,
96,4,Oakland Athletics,97,65,.599,5.0,4.2,0.9,0.0,0.8,95-67,2,21-11,26-8,38-38,12-8,50-31,47-34,13-6,31-14,65-40,32-25,33-40,64-25,2018,,,,
97,5,Milwaukee Brewers,96,67,.589,4.6,4.0,0.6,0.0,0.6,91-72,5,20-13,40-37,23-10,13-7,51-30,45-37,9-7,33-19,72-48,24-19,49-46,47-21,2018,,,,
98,6,Chicago Cubs,95,68,.583,4.7,4.0,0.7,0.0,0.7,94-69,1,22-11,41-36,19-14,13-7,51-31,44-37,11-8,26-25,73-55,22-13,49-46,46-22,2018,,,,
99,7,Los Angeles Dodgers,92,71,.564,4.9,3.7,1.2,0.1,1.2,102-61,-10,19-13,16-18,45-32,12-8,45-37,47-34,8-7,22-22,52-46,40-25,51-38,41-33,2018,,,,
100,8,Cleveland Indians,91,71,.562,5.0,4.0,1.0,-0.4,0.6,98-64,-7,16-18,49-27,14-18,12-8,49-32,42-39,4-9,22-24,69-50,22-21,23-31,68-40,2018,,,,
101,9,Colorado Rockies,91,72,.558,4.8,4.6,0.2,0.2,0.4,85-78,6,23-11,14-18,41-36,13-7,47-34,44-38,5-6,26-15,58-45,33-27,48-44,43-28,2018,,,,
102,10,Atlanta Braves,90,72,.556,4.7,4.1,0.6,0.0,0.6,92-70,-2,49-27,18-14,15-19,8-12,43-38,47-34,6-8,23-12,69-46,21-26,38-40,52-32,2018,,,,
103,11,Tampa Bay Rays,90,72,.556,4.4,4.0,0.4,-0.1,0.3,89-73,1,41-35,21-11,21-13,7-13,51-30,39-42,5-7,28-31,63-52,27-20,34-39,56-33,2018,,,,
104,12,Seattle Mariners,89,73,.549,4.2,4.4,-0.2,0.1,-0.1,77-85,12,19-15,23-9,41-35,6-14,45-36,44-37,14-1,36-21,59-49,30-24,39-38,50-35,2018,,,,
105,13,St. Louis Cardinals,88,74,.543,4.7,4.3,0.4,0.0,0.4,88-74,0,16-16,41-35,20-14,11-9,43-38,45-36,8-8,22-22,61-52,27-22,50-43,38-31,2018,,,,
106,14,Pittsburgh Pirates,82,79,.509,4.3,4.3,0.0,0.1,0.1,80-81,2,12-20,43-33,12-21,15-5,44-36,38-43,7-5,29-22,61-52,21-27,39-53,43-26,2018,,,,
107,15,Washington Nationals,82,80,.506,4.8,4.2,0.5,0.0,0.5,90-72,-8,41-35,18-16,14-18,9-11,41-40,41-40,4-10,18-24,64-52,18-28,33-44,49-36,2018,,,,
108,16,Arizona Diamondbacks,82,80,.506,4.3,4.0,0.3,0.2,0.5,86-76,-4,17-17,16-16,39-37,10-10,40-41,42-39,5-9,20-31,54-50,28-30,42-48,40-32,2018,,,,
109,17,Philadelphia Phillies,80,82,.494,4.2,4.5,-0.3,0.1,-0.3,76-86,4,34-42,19-14,15-18,12-8,49-32,31-50,8-6,23-18,59-66,21-16,44-50,36-32,2018,,,,
110,18,Los Angeles Angels,80,82,.494,4.5,4.5,0.0,0.1,0.1,81-81,-1,11-21,22-12,37-39,10-10,42-39,38-43,5-7,26-15,58-53,22-29,35-61,45-21,2018,,,,
111,19,Minnesota Twins,78,84,.481,4.6,4.8,-0.2,-0.3,-0.5,77-85,1,18-16,42-34,10-22,8-12,49-32,29-52,5-8,15-21,57-59,21-25,29-47,49-37,2018,,,,
112,20,New York Mets,77,85,.475,4.2,4.4,-0.2,0.1,-0.1,78-84,-1,40-36,13-20,16-17,8-12,37-44,40-41,9-9,16-26,59-61,18-24,40-57,37-28,2018,,,,
113,21,San Francisco Giants,73,89,.451,3.7,4.3,-0.6,0.3,-0.3,70-92,3,16-17,11-22,38-38,8-12,42-39,31-50,11-10,26-30,43-54,30-35,47-63,26-26,2018,,,,
114,22,Toronto Blue Jays,73,89,.451,4.4,5.1,-0.8,0.0,-0.7,69-93,4,30-46,18-15,12-21,13-7,40-41,33-48,10-6,23-17,58-51,15-38,31-60,42-29,2018,,,,
115,23,Cincinnati Reds,67,95,.414,4.3,5.1,-0.8,0.2,-0.6,69-93,-2,13-21,26-50,18-14,10-10,37-44,30-51,7-12,10-29,45-69,22-26,44-71,23-24,2018,,,,
116,24,Texas Rangers,67,95,.414,4.5,5.2,-0.7,0.1,-0.6,71-91,-4,12-21,18-15,28-48,9-11,34-47,33-48,7-7,12-19,45-60,22-35,33-61,34-34,2018,,,,
117,25,San Diego Padres,66,96,.407,3.8,4.7,-0.9,0.3,-0.7,65-97,1,15-17,16-18,28-48,7-13,31-50,35-46,5-11,22-21,47-59,19-37,42-66,24-30,2018,,,,
118,26,Detroit Tigers,64,98,.395,3.9,4.9,-1.0,-0.2,-1.2,64-98,0,15-17,33-43,10-24,6-14,38-43,26-55,5-5,22-30,45-74,19-24,21-53,43-45,2018,,,,
119,27,Miami Marlins,63,98,.391,3.7,5.0,-1.4,0.2,-1.2,58-103,5,26-50,13-19,15-18,9-11,38-43,25-55,9-6,19-21,51-72,12-26,34-62,29-36,2018,,,,
120,28,Chicago White Sox,62,100,.383,4.0,5.2,-1.2,-0.2,-1.4,62-100,0,16-16,30-46,10-24,6-14,30-51,32-49,5-5,15-25,47-75,15-25,24-51,38-49,2018,,,,
121,29,Kansas City Royals,58,104,.358,3.9,5.1,-1.2,-0.2,-1.4,62-100,-4,9-24,36-40,7-26,6-14,32-49,26-55,5-8,19-30,39-74,19-30,18-56,40-48,2018,,,,
122,30,Baltimore Orioles,47,115,.290,3.8,5.5,-1.7,0.1,-1.5,55-107,-8,23-53,10-23,7-26,7-13,28-53,19-62,4-9,12-29,26-82,21-33,26-67,21-48,2018,,,,
123,,Average,81,81,.500, 4.5, 4.5,,,,81-80,,23-23,24-22,22-24,10-10,42-38,38-42,7-7,22-22,57-55,23-25,37-49,43-31,2018,,,,
124,1,Houston Astros,107,55,.660,5.7,4.0,1.7,-0.3,1.4,107-55,0,19-13,21-13,56-20,11-9,60-21,47-34,10-4,24-19,69-44,38-11,35-28,72-27,2019,,,,
125,2,Los Angeles Dodgers,106,56,.654,5.5,3.8,1.7,0.0,1.7,107-55,-1,23-10,22-11,51-25,10-10,59-22,47-34,6-4,27-22,76-34,30-22,45-32,61-24,2019,,,,
126,3,New York Yankees,103,59,.636,5.8,4.6,1.3,-0.3,1.0,99-63,4,54-22,18-15,19-14,12-8,57-24,46-35,7-4,18-19,70-41,33-18,43-32,60-27,2019,,,,
127,4,Minnesota Twins,101,61,.623,5.8,4.7,1.1,-0.5,0.7,97-65,4,20-12,50-26,23-11,8-12,46-35,55-26,5-7,23-12,79-44,22-17,32-37,69-24,2019,,,,
128,5,Atlanta Braves,97,65,.599,5.3,4.6,0.7,0.1,0.8,91-71,6,46-30,20-13,18-15,13-7,50-31,47-34,11-6,28-16,74-51,23-14,52-43,45-22,2019,,,,
129,6,Oakland Athletics,97,65,.599,5.2,4.2,1.0,-0.2,0.8,97-65,0,17-16,25-8,44-32,11-9,52-29,45-36,6-9,27-22,62-51,35-14,35-27,62-38,2019,,,,
130,7,Tampa Bay Rays,96,66,.593,4.7,4.0,0.7,-0.2,0.5,93-69,3,44-32,20-13,18-15,14-6,48-33,48-33,11-8,23-16,64-41,32-25,38-35,58-31,2019,,,,
131,8,Washington Nationals,93,69,.574,5.4,4.5,0.9,0.0,1.0,95-67,-2,44-32,17-15,18-16,14-6,50-31,43-38,4-6,17-21,69-52,24-17,48-48,45-21,2019,,,,
132,9,Cleveland Indians,93,69,.574,4.7,4.1,0.7,-0.4,0.2,93-69,0,18-16,48-28,19-13,8-12,49-32,44-37,6-7,15-16,60-47,33-22,25-39,68-30,2019,,,,
133,10,St. Louis Cardinals,91,71,.562,4.7,4.1,0.6,0.2,0.8,92-70,-1,18-15,46-30,18-15,9-11,50-31,41-40,8-4,25-22,73-55,18-16,42-42,49-29,2019,,,,
134,11,Milwaukee Brewers,89,73,.549,4.7,4.7,0.0,0.3,0.3,81-81,8,21-11,45-31,15-19,8-12,49-32,40-41,7-8,27-18,64-49,25-24,48-40,41-33,2019,,,,
135,12,New York Mets,86,76,.531,4.9,4.5,0.3,0.2,0.5,86-76,0,40-36,14-19,17-16,15-5,48-33,38-43,7-9,24-23,68-53,18-23,47-55,39-21,2019,,,,
136,13,Arizona Diamondbacks,85,77,.525,5.0,4.6,0.4,0.2,0.6,88-74,-3,17-17,16-16,38-38,14-6,44-37,41-40,9-9,24-26,60-58,25-19,35-40,50-37,2019,,,,
137,14,Boston Red Sox,84,78,.519,5.6,5.1,0.5,-0.2,0.2,87-75,-3,35-41,21-11,18-16,10-10,38-43,46-35,9-8,23-22,60-48,24-30,28-45,56-33,2019,,,,
138,15,Chicago Cubs,84,78,.519,5.0,4.4,0.6,0.2,0.8,90-72,-6,17-17,37-39,18-14,12-8,51-30,33-48,4-9,19-27,70-60,14-18,39-45,45-33,2019,,,,
139,16,Philadelphia Phillies,81,81,.500,4.8,4.9,-0.1,0.2,0.1,79-83,2,36-40,20-13,14-19,11-9,45-36,36-45,7-6,20-20,63-56,18-25,48-52,33-29,2019,,,,
140,17,Texas Rangers,78,84,.481,5.0,5.4,-0.4,0.0,-0.5,75-87,3,18-14,18-16,33-43,9-11,45-36,33-48,7-6,25-21,52-52,26-32,31-53,47-31,2019,,,,
141,18,San Francisco Giants,77,85,.475,4.2,4.8,-0.6,0.3,-0.3,71-91,6,14-19,14-19,38-38,11-9,35-46,42-39,13-3,38-16,57-56,20-29,42-55,35-30,2019,,,,
142,19,Cincinnati Reds,75,87,.463,4.3,4.4,-0.1,0.2,0.2,80-82,-5,17-17,33-43,16-16,9-11,41-40,34-47,7-8,24-33,58-64,17-23,46-60,29-27,2019,,,,
143,20,Chicago White Sox,72,89,.447,4.4,5.2,-0.8,-0.3,-1.0,69-92,3,15-18,38-37,13-20,6-14,39-41,33-48,4-4,14-18,44-62,28-27,35-53,37-36,2019,,,,
144,21,Los Angeles Angels,72,90,.444,4.7,5.4,-0.6,0.0,-0.6,72-90,0,17-18,13-18,30-46,12-8,38-43,34-47,3-7,18-22,49-60,23-30,29-55,43-35,2019,,,,
145,22,Colorado Rockies,71,91,.438,5.2,5.9,-0.8,0.3,-0.4,71-91,0,16-17,15-18,32-44,8-12,43-38,28-53,10-6,22-21,46-55,25-36,38-60,33-31,2019,,,,
146,23,San Diego Padres,70,92,.432,4.2,4.9,-0.7,0.3,-0.4,70-92,0,14-18,14-20,31-45,11-9,36-45,34-47,5-7,26-24,56-70,14-22,40-53,30-39,2019,,,,
147,24,Pittsburgh Pirates,69,93,.426,4.7,5.6,-0.9,0.3,-0.7,68-94,1,11-21,29-47,17-17,12-8,35-46,34-47,7-11,19-25,53-66,16-27,30-72,39-21,2019,,,,
148,25,Seattle Mariners,68,94,.420,4.7,5.5,-0.8,0.0,-0.9,69-93,-1,14-19,18-15,27-49,9-11,35-46,33-48,9-4,23-26,52-58,16-36,22-59,46-35,2019,,,,
149,26,Toronto Blue Jays,67,95,.414,4.5,5.1,-0.6,-0.1,-0.7,71-91,-4,33-43,17-18,14-17,3-17,35-46,32-49,7-8,18-23,43-65,24-30,35-58,32-37,2019,,,,
150,27,Kansas City Royals,59,103,.364,4.3,5.4,-1.1,-0.2,-1.3,64-98,-5,10-23,31-45,9-24,9-11,31-50,28-53,4-9,15-25,43-76,16-27,28-60,31-43,2019,,,,
151,28,Miami Marlins,57,105,.352,3.8,5.0,-1.2,0.3,-0.9,61-101,-4,24-52,10-24,14-18,9-11,30-51,27-54,7-9,16-28,39-81,18-24,38-83,19-22,2019,,,,
152,29,Baltimore Orioles,54,108,.333,4.5,6.1,-1.6,0.0,-1.5,60-102,-6,24-52,12-20,11-23,7-13,25-56,29-52,2-8,11-22,33-67,21-41,26-67,28-41,2019,,,,
153,30,Detroit Tigers,47,114,.292,3.6,5.7,-2.1,-0.2,-2.2,49-112,-2,14-19,22-53,6-27,5-15,22-59,25-55,6-10,14-22,34-90,13-24,19-65,28-49,2019,,,,
154,,Average,80,80,.500, 4.8, 4.8,,,,81-80,,23-23,24-23,23-24,10-10,42-38,38-42,6-6,21-21,58-56,22-24,36-49,44-31,2019,,,,
155,1,Los Angeles Dodgers,43,17,.717,5.8,3.6,2.3,-0.1,2.2,43-17,0,0-0,0-0,27-13,16-4,21-9,22-8,5-1,7-5,30-12,13-5,8-5,35-12,2020,,,,
156,2,Tampa Bay Rays,40,20,.667,4.8,3.8,1.0,-0.1,0.9,36-24,4,27-13,0-0,0-0,13-7,20-9,20-11,4-3,14-5,31-12,9-8,21-9,19-11,2020,,,,
157,3,San Diego Padres,37,23,.617,5.4,4.0,1.4,0.0,1.4,38-22,-1,0-0,0-0,24-16,13-7,21-11,16-12,4-0,8-8,27-13,10-10,6-7,31-16,2020,,,,
158,4,Minnesota Twins,36,24,.600,4.5,3.6,0.9,0.0,0.9,36-24,0,0-0,23-17,0-0,13-7,24-7,12-17,3-1,9-5,27-17,9-7,18-12,18-12,2020,,,,
159,5,Oakland Athletics,36,24,.600,4.6,3.9,0.7,-0.4,0.3,35-25,1,0-0,0-0,26-14,10-10,22-10,14-14,6-1,7-6,25-21,11-3,2-4,34-20,2020,,,,
160,6,Atlanta Braves,35,25,.583,5.8,4.8,1.0,-0.2,0.8,35-25,0,24-16,0-0,0-0,11-9,19-11,16-14,2-3,11-6,27-21,8-4,12-9,23-16,2020,,,,
161,7,Cleveland Indians,35,25,.583,4.1,3.5,0.7,0.0,0.6,35-25,0,0-0,23-17,0-0,12-8,18-12,17-13,4-2,8-6,27-20,8-5,16-15,19-10,2020,,,,
162,8,Chicago White Sox,35,25,.583,5.1,4.1,1.0,0.0,1.0,36-24,-1,0-0,25-15,0-0,10-10,18-12,17-13,1-2,5-8,21-25,14-0,12-20,23-5,2020,,,,
163,9,Chicago Cubs,34,26,.567,4.4,4.0,0.4,-0.2,0.3,33-27,1,0-0,22-18,0-0,12-8,19-14,15-12,3-1,10-9,27-22,7-4,19-14,15-12,2020,,,,
164,10,New York Yankees,33,27,.550,5.3,4.5,0.8,-0.1,0.7,34-26,-1,23-17,0-0,0-0,10-10,22-9,11-18,5-2,6-7,26-19,7-8,10-17,23-10,2020,,,,
165,11,Toronto Blue Jays,32,28,.533,5.0,5.2,-0.2,0.0,-0.1,29-31,3,22-18,0-0,0-0,10-10,17-9,15-19,5-6,13-10,20-20,12-8,12-15,20-13,2020,,,,
166,12,St. Louis Cardinals,30,28,.517,4.1,3.9,0.2,-0.2,0.0,30-28,0,0-0,22-18,0-0,8-10,14-13,16-15,1-3,7-6,26-21,4-7,15-15,15-13,2020,,,,
167,13,Miami Marlins,31,29,.517,4.4,5.1,-0.7,0.1,-0.6,26-34,5,21-19,0-0,0-0,10-10,11-15,20-14,3-2,11-8,24-17,7-12,9-14,22-15,2020,,,,
168,14,Cincinnati Reds,31,29,.517,4.1,4.1,0.0,-0.2,-0.2,30-30,1,0-0,21-19,0-0,10-10,16-13,15-16,2-0,7-8,24-23,7-6,13-17,18-12,2020,,,,
169,15,Houston Astros,29,31,.483,4.7,4.6,0.1,-0.3,-0.2,30-30,-1,0-0,0-0,19-21,10-10,20-8,9-23,2-7,10-14,17-21,12-10,4-13,25-18,2020,,,,
170,16,San Francisco Giants,29,31,.483,5.0,5.0,0.0,0.3,0.3,30-30,-1,0-0,0-0,18-22,11-9,19-14,10-17,2-3,8-8,15-21,14-10,7-19,22-12,2020,,,,
171,17,Milwaukee Brewers,29,31,.483,4.1,4.4,-0.3,-0.1,-0.4,28-32,1,0-0,19-21,0-0,10-10,15-14,14-17,3-2,11-5,18-24,11-7,19-24,10-7,2020,,,,
172,18,Philadelphia Phillies,28,32,.467,5.1,5.2,-0.1,0.0,-0.1,30-30,-2,21-19,0-0,0-0,7-13,19-13,9-19,3-2,8-10,15-23,13-9,13-20,15-12,2020,,,,
173,19,Seattle Mariners,27,33,.450,4.2,5.1,-0.8,-0.1,-0.9,25-35,2,0-0,0-0,20-20,7-13,14-10,13-23,2-3,7-8,19-21,8-12,8-12,19-21,2020,,,,
174,20,New York Mets,26,34,.433,4.8,5.1,-0.4,0.0,-0.3,28-32,-2,17-23,0-0,0-0,9-11,12-17,14-17,1-4,6-11,18-20,8-14,14-18,12-16,2020,,,,
175,21,Los Angeles Angels,26,34,.433,4.9,5.4,-0.5,-0.1,-0.6,28-32,-2,0-0,0-0,19-21,7-13,16-15,10-19,3-5,9-9,17-24,9-10,7-13,19-21,2020,,,,
176,22,Kansas City Royals,26,34,.433,4.1,4.5,-0.4,0.2,-0.2,27-33,-1,0-0,17-23,0-0,9-11,15-15,11-19,1-2,8-9,22-27,4-7,17-27,9-7,2020,,,,
177,23,Colorado Rockies,26,34,.433,4.6,5.9,-1.3,0.4,-0.9,23-37,3,0-0,0-0,17-23,9-11,12-18,14-16,1-2,9-8,16-24,10-10,9-15,17-19,2020,,,,
178,24,Washington Nationals,26,34,.433,4.9,5.0,-0.1,0.0,-0.2,29-31,-3,17-23,0-0,0-0,9-11,15-18,11-16,4-1,7-9,15-28,11-6,14-17,12-17,2020,,,,
179,25,Baltimore Orioles,25,35,.417,4.6,4.9,-0.3,0.1,-0.3,28-32,-3,14-26,0-0,0-0,11-9,13-20,12-15,4-4,7-12,18-29,7-6,11-26,14-9,2020,,,,
180,26,Arizona Diamondbacks,25,35,.417,4.5,4.9,-0.4,0.3,-0.1,27-33,-2,0-0,0-0,14-26,11-9,16-14,9-21,0-3,9-9,20-24,5-11,9-15,16-20,2020,,,,
181,27,Boston Red Sox,24,36,.400,4.9,5.9,-1.0,0.2,-0.8,25-35,-1,14-26,0-0,0-0,10-10,11-20,13-16,0-4,4-9,17-19,7-17,13-26,11-10,2020,,,,
182,28,Detroit Tigers,23,35,.397,4.3,5.5,-1.2,0.3,-0.9,23-35,0,0-0,12-28,0-0,11-7,12-15,11-20,1-2,7-9,16-31,7-4,14-27,9-8,2020,,,,
183,29,Texas Rangers,22,38,.367,3.7,5.2,-1.5,-0.1,-1.6,21-39,1,0-0,0-0,16-24,6-14,16-14,6-24,2-2,7-6,15-23,7-15,4-13,18-25,2020,,,,
184,30,Pittsburgh Pirates,19,41,.317,3.7,5.0,-1.3,0.1,-1.2,22-38,-3,0-0,16-24,0-0,3-17,13-19,6-22,1-5,8-15,17-31,2-10,14-30,5-11,2020,,,,
185,,Average,29,29,.500, 4.6, 4.7,,,,30-29,,6-6,6-6,6-6,9-9,16-13,13-16,2-2,8-8,21-21,8-8,11-16,18-13,2020,,,,
186,1,San Francisco Giants,107,55,.660,5.0,3.7,1.3,-0.1,1.2,103-59,4,21-11,20-14,53-23,13-7,54-27,53-28,10-9,31-17,80-35,27-20,35-28,72-27,2021,,,,
187,2,Los Angeles Dodgers,106,56,.654,5.1,3.5,1.7,-0.1,1.6,109-53,-3,24-9,20-13,50-26,12-8,58-23,48-33,6-13,24-24,73-42,33-14,35-27,71-29,2021,,,,
188,3,Tampa Bay Rays,100,62,.617,5.3,4.0,1.3,0.0,1.3,101-61,-1,51-25,19-13,15-19,15-5,52-29,48-33,7-12,20-25,62-35,38-27,48-42,52-20,2021,,,,
189,4,Milwaukee Brewers,95,67,.586,4.6,3.8,0.7,-0.3,0.4,93-69,2,17-14,47-29,23-12,8-12,45-36,50-31,10-9,21-15,75-48,20-19,32-36,63-31,2021,,,,
190,5,Houston Astros,95,67,.586,5.3,4.1,1.3,-0.1,1.2,101-61,-6,18-13,19-16,49-27,9-11,51-30,44-37,9-8,21-19,61-39,34-28,45-32,50-35,2021,,,,
191,6,Chicago White Sox,93,69,.574,4.9,3.9,1.0,-0.2,0.8,97-65,-4,19-14,44-32,16-17,14-6,53-28,40-41,6-7,18-24,68-52,25-17,27-29,66-40,2021,,,,
192,7,Boston Red Sox,92,70,.568,5.1,4.6,0.5,0.1,0.6,88-74,4,41-35,20-13,15-18,16-4,49-32,43-38,11-5,26-18,57-39,35-31,46-48,46-22,2021,,,,
193,8,New York Yankees,92,70,.568,4.4,4.1,0.3,0.1,0.4,86-76,6,36-40,22-10,22-12,12-8,46-35,46-35,10-8,28-20,60-46,32-24,48-43,44-27,2021,,,,
194,9,Toronto Blue Jays,91,71,.562,5.2,4.1,1.1,0.0,1.2,99-63,-8,42-34,19-15,16-16,14-6,47-33,44-38,3-9,15-15,68-51,23-20,48-44,43-27,2021,,,,
195,10,St. Louis Cardinals,90,72,.556,4.4,4.1,0.2,-0.2,0.0,85-77,5,17-16,42-34,20-13,11-9,45-36,45-36,7-2,26-19,66-59,24-13,32-36,58-36,2021,,,,
196,11,Seattle Mariners,90,72,.556,4.3,4.6,-0.3,0.1,-0.2,76-86,14,19-15,15-17,47-29,9-11,46-35,44-37,14-7,33-19,54-44,36-28,44-34,46-38,2021,,,,
197,12,Atlanta Braves,88,73,.547,4.9,4.1,0.8,-0.1,0.7,94-67,-6,45-31,22-12,15-16,6-14,42-38,46-35,5-9,26-31,65-55,23-18,31-37,57-36,2021,,,,
198,13,Oakland Athletics,86,76,.531,4.6,4.2,0.3,0.1,0.4,87-75,-1,15-18,23-10,37-39,11-9,43-38,43-38,8-3,23-27,49-50,37-26,30-51,56-25,2021,,,,
199,14,Cincinnati Reds,83,79,.512,4.9,4.7,0.2,-0.2,0.0,83-79,0,20-13,43-33,11-22,9-11,44-37,39-42,9-8,24-20,62-59,21-20,31-37,52-42,2021,,,,
200,15,Philadelphia Phillies,82,80,.506,4.5,4.6,-0.1,0.0,-0.1,80-82,2,41-35,20-14,13-19,8-12,47-34,35-46,11-6,30-25,59-51,23-29,30-38,52-42,2021,,,,
201,16,Cleveland Indians,80,82,.494,4.4,4.5,-0.1,-0.1,-0.1,80-82,0,13-21,43-33,15-17,9-11,40-41,40-41,7-9,17-22,51-52,29-30,28-51,52-31,2021,,,,
202,17,San Diego Padres,79,83,.488,4.5,4.4,0.1,0.1,0.2,83-79,-4,15-18,16-17,34-42,14-6,45-36,34-47,8-8,21-26,55-63,24-20,39-44,40-39,2021,,,,
203,18,Detroit Tigers,77,85,.475,4.3,4.7,-0.4,-0.1,-0.4,75-87,2,18-14,30-46,18-16,11-9,42-39,35-46,12-8,23-23,48-60,29-25,39-36,38-49,2021,,,,
204,19,New York Mets,77,85,.475,3.9,4.1,-0.2,0.0,-0.2,77-85,0,39-37,13-20,16-17,9-11,47-34,30-51,11-7,31-35,59-52,18-33,33-53,44-32,2021,,,,
205,20,Los Angeles Angels,77,85,.475,4.5,5.0,-0.5,0.2,-0.3,73-89,4,16-17,21-12,29-47,11-9,40-42,37-43,3-5,25-14,47-60,30-25,39-62,38-23,2021,,,,
206,21,Colorado Rockies,74,87,.460,4.6,4.9,-0.4,0.1,-0.2,75-86,-1,19-13,14-19,31-45,10-10,48-33,26-54,8-7,24-25,47-69,27-18,31-52,43-35,2021,,,,
207,22,Kansas City Royals,74,88,.457,4.2,4.9,-0.6,0.0,-0.6,71-91,3,12-21,36-40,14-19,12-8,39-42,35-46,4-5,21-19,48-64,26-24,35-44,39-44,2021,,,,
208,23,Minnesota Twins,73,89,.451,4.5,5.1,-0.6,0.0,-0.6,71-91,2,13-20,37-39,13-20,10-10,38-43,35-46,11-12,25-19,53-53,20-36,29-49,44-40,2021,,,,
209,24,Chicago Cubs,71,91,.438,4.4,5.2,-0.8,-0.1,-0.9,68-94,3,13-21,35-41,17-15,6-14,39-42,32-49,6-7,24-27,50-67,21-24,31-60,40-31,2021,,,,
210,25,Miami Marlins,67,95,.414,3.8,4.3,-0.5,0.0,-0.5,72-90,-5,35-41,12-20,17-17,3-17,42-39,25-56,9-8,21-29,49-64,18-31,31-56,36-39,2021,,,,
211,26,Washington Nationals,65,97,.401,4.5,5.1,-0.6,0.0,-0.6,72-90,-7,30-46,14-18,11-23,10-10,35-46,30-51,2-11,22-26,47-63,18-34,27-58,38-39,2021,,,,
212,27,Pittsburgh Pirates,61,101,.377,3.8,5.1,-1.4,0.0,-1.4,58-104,3,17-17,23-53,11-21,10-10,37-44,24-57,5-3,20-22,47-65,14-36,29-59,32-42,2021,,,,
213,28,Texas Rangers,60,102,.370,3.9,5.0,-1.2,0.2,-1.0,62-100,-2,14-20,11-21,28-48,7-13,36-45,24-57,9-9,18-21,33-68,27-34,34-63,26-39,2021,,,,
214,29,Baltimore Orioles,52,110,.321,4.1,5.9,-1.8,0.3,-1.5,54-108,-2,20-56,10-24,15-17,7-13,27-54,25-56,4-7,13-24,30-67,22-43,30-78,22-32,2021,,,,
215,30,Arizona Diamondbacks,52,110,.321,4.2,5.5,-1.3,0.2,-1.1,61-101,-9,13-21,13-19,22-54,4-16,32-49,20-61,6-10,10-31,40-75,12-35,22-63,30-47,2021,,,,
216,,Average,80,80,.500, 4.5, 4.5,,,,81-80,,23-23,24-23,23-24,10-10,43-37,37-43,7-7,22-22,55-54,25-26,34-46,46-34,2021,,,,
217,1,Los Angeles Dodgers,111,51,.685,5.2,3.2,2.1,-0.2,1.8,116-46,-5,19-14,23-10,54-22,15-5,57-24,54-27,6-9,16-15,79-35,32-16,50-27,61-24,2022,,,,
218,2,Houston Astros,106,56,.654,4.5,3.2,1.4,-0.1,1.3,106-56,0,17-15,26-8,51-25,12-8,55-26,51-30,5-6,28-16,64-44,42-12,42-27,64-29,2022,,,,
219,3,Atlanta Braves,101,61,.623,4.9,3.8,1.1,-0.1,1.0,100-62,1,48-28,21-12,19-14,13-7,55-26,46-35,6-7,26-18,64-44,37-17,40-37,61-24,2022,,,,
220,4,New York Mets,101,61,.623,4.8,3.7,1.0,-0.1,1.0,99-63,2,50-26,23-10,19-14,9-11,54-27,47-34,10-2,21-15,69-38,32-23,45-37,56-24,2022,,,,
221,5,New York Yankees,99,63,.611,5.0,3.5,1.5,0.0,1.5,106-56,-7,47-29,25-8,17-16,10-10,57-24,42-39,10-8,31-27,73-48,26-15,50-43,49-20,2022,,,,
222,6,St. Louis Cardinals,93,69,.574,4.8,3.9,0.8,-0.3,0.6,95-67,-2,16-18,48-28,19-13,10-10,53-28,40-41,8-4,26-17,69-58,24-11,34-38,59-31,2022,,,,
223,7,Cleveland Guardians,92,70,.568,4.3,3.9,0.4,-0.1,0.2,88-74,4,15-17,47-29,18-16,12-8,46-35,46-35,13-6,28-17,64-53,28-17,34-34,58-36,2022,,,,
224,8,Toronto Blue Jays,92,70,.568,4.8,4.2,0.6,0.1,0.7,91-71,1,43-33,19-15,17-15,13-7,47-34,45-36,8-7,30-20,80-50,12-20,45-49,47-21,2022,,,,
225,9,Seattle Mariners,90,72,.556,4.3,3.8,0.4,0.0,0.4,89-73,1,16-17,21-12,41-35,12-8,46-35,44-37,11-5,34-22,68-52,22-20,38-33,52-39,2022,,,,
226,10,San Diego Padres,89,73,.549,4.4,4.1,0.3,0.0,0.3,86-76,3,19-15,21-11,41-35,8-12,44-37,45-36,12-5,30-17,58-50,31-23,38-44,51-29,2022,,,,
227,11,Philadelphia Phillies,87,75,.537,4.6,4.2,0.4,0.0,0.4,87-75,0,41-35,20-13,17-16,9-11,47-34,40-41,8-6,22-25,59-57,28-18,34-47,53-28,2022,,,,
228,12,Milwaukee Brewers,86,76,.531,4.5,4.2,0.2,-0.2,0.0,85-77,1,13-18,42-34,16-19,15-5,46-35,40-41,9-9,28-23,59-51,27-25,35-36,51-40,2022,,,,
229,13,Tampa Bay Rays,86,76,.531,4.1,3.8,0.3,0.1,0.4,87-75,-1,40-36,15-17,19-15,12-8,51-30,35-46,11-10,27-27,64-60,22-16,41-48,45-28,2022,,,,
230,14,Baltimore Orioles,83,79,.512,4.2,4.2,-0.1,0.2,0.1,79-83,4,34-42,16-17,21-12,12-8,45-36,38-43,8-5,23-24,56-56,27-23,42-47,41-32,2022,,,,
231,15,Chicago White Sox,81,81,.500,4.2,4.4,-0.2,-0.1,-0.3,78-84,3,15-17,37-39,18-16,11-9,37-44,44-37,6-9,27-16,64-61,17-20,31-36,50-45,2022,,,,
232,16,San Francisco Giants,81,81,.500,4.4,4.3,0.1,0.0,0.1,83-79,-2,19-14,19-14,33-43,10-10,44-37,37-44,7-7,22-27,52-55,29-26,31-47,50-34,2022,,,,
233,17,Minnesota Twins,78,84,.481,4.3,4.2,0.1,-0.1,0.0,82-80,-4,18-16,39-37,13-19,8-12,46-35,32-49,5-10,20-28,51-62,27-22,39-53,39-31,2022,,,,
234,18,Boston Red Sox,78,84,.481,4.5,4.9,-0.3,0.2,-0.1,76-86,2,26-50,18-15,25-8,9-11,43-38,35-46,7-11,24-26,55-71,23-13,47-65,31-19,2022,,,,
235,19,Chicago Cubs,74,88,.457,4.1,4.5,-0.5,-0.1,-0.6,73-89,1,21-10,37-39,10-25,6-14,37-44,37-44,7-12,26-27,55-64,19-24,37-58,37-30,2022,,,,
236,20,Arizona Diamondbacks,74,88,.457,4.3,4.6,-0.2,0.0,-0.2,77-85,-3,16-15,17-18,29-47,12-8,40-41,34-47,5-7,17-29,51-63,23-25,39-60,35-28,2022,,,,
237,21,Los Angeles Angels,73,89,.451,3.8,4.1,-0.3,0.1,-0.1,76-86,-3,11-23,18-14,37-39,7-13,40-41,33-48,7-8,18-28,50-63,23-26,34-58,39-31,2022,,,,
238,22,Miami Marlins,69,93,.426,3.6,4.2,-0.6,0.1,-0.5,70-92,-1,34-42,15-18,12-21,8-12,34-47,35-46,8-9,24-40,51-73,18-20,36-65,33-28,2022,,,,
239,23,Texas Rangers,68,94,.420,4.4,4.6,-0.2,0.1,-0.1,77-85,-9,9-24,17-16,31-45,11-9,34-47,34-47,6-9,15-35,41-66,27-28,30-57,38-37,2022,,,,
240,24,Colorado Rockies,68,94,.420,4.3,5.4,-1.1,0.1,-1.0,65-97,3,10-24,16-16,33-43,9-11,41-40,27-54,6-8,23-24,39-62,29-32,35-63,33-31,2022,,,,
241,25,Detroit Tigers,66,96,.407,3.4,4.4,-1.0,0.0,-1.0,63-99,3,11-21,34-42,10-24,11-9,36-46,30-50,3-7,22-20,46-72,20-24,32-56,34-40,2022,,,,
242,26,Kansas City Royals,65,97,.401,4.0,5.0,-1.0,0.1,-1.0,64-98,1,13-22,33-43,12-19,7-13,39-42,26-55,5-5,16-20,45-76,20-21,34-58,31-39,2022,,,,
243,27,Pittsburgh Pirates,62,100,.383,3.6,5.0,-1.4,0.0,-1.4,58-104,4,9-26,35-41,14-17,4-16,34-47,28-53,4-9,21-27,40-67,22-33,26-64,36-36,2022,,,,
244,28,Cincinnati Reds,62,100,.383,4.0,5.0,-1.0,-0.1,-1.1,64-98,-2,12-22,28-48,10-22,12-8,33-48,29-52,6-5,21-23,45-71,17-29,32-61,30-39,2022,,,,
245,29,Oakland Athletics,60,102,.370,3.5,4.8,-1.2,0.2,-1.0,59-103,1,13-20,12-21,30-46,5-15,29-51,31-51,6-4,17-25,44-75,16-27,33-60,27-42,2022,,,,
246,30,Washington Nationals,55,107,.340,3.7,5.3,-1.6,0.1,-1.4,56-106,-1,17-59,15-18,15-18,8-12,26-55,29-52,3-7,17-22,39-67,16-40,30-70,25-37,2022,,,,
247,,Average,81,81,.500, 4.3, 4.3,,,,81-80,,22-24,25-22,23-23,10-10,43-37,37-43,7-7,23-23,56-58,24-22,37-49,43-31,2022,,,,
248,1,Atlanta Braves,104,58,.642,5.8,4.4,1.4,-0.1,1.4,101-61,3,35-17,22-9,21-12,26-20,52-29,52-29,8-3,23-18,81-49,23-9,55-33,49-25,2023,,,,
249,2,Baltimore Orioles,101,61,.623,5.0,4.2,0.8,0.0,0.8,94-68,7,32-20,22-10,21-11,26-20,49-32,52-29,11-6,30-16,65-44,36-17,51-39,50-22,2023,,,,
250,3,Los Angeles Dodgers,100,62,.617,5.6,4.3,1.3,-0.1,1.2,100-62,0,17-14,19-14,34-18,30-16,53-28,47-34,6-6,16-15,74-39,26-23,52-36,48-26,2023,,,,
251,4,Tampa Bay Rays,99,63,.611,5.3,4.1,1.2,0.0,1.2,100-62,-1,31-21,23-9,18-14,27-19,53-28,46-35,7-5,22-25,75-52,24-11,48-44,51-19,2023,,,,
252,5,Milwaukee Brewers,92,70,.568,4.5,4.0,0.5,0.0,0.5,90-72,2,18-14,33-19,13-19,28-18,49-32,43-38,10-5,29-18,70-44,22-26,51-38,41-32,2023,,,,
253,6,Houston Astros,90,72,.556,5.1,4.3,0.8,-0.1,0.7,93-69,-3,16-17,14-17,32-20,28-18,39-42,51-30,1-8,20-21,62-51,28-21,42-43,48-29,2023,,,,
254,7,Philadelphia Phillies,90,72,.556,4.9,4.4,0.5,0.0,0.5,89-73,1,25-27,19-12,18-15,28-18,49-32,41-40,10-7,29-24,60-51,30-21,47-43,43-29,2023,,,,
255,8,Texas Rangers,90,72,.556,5.4,4.4,1.0,-0.1,0.9,96-66,-6,20-12,19-13,29-23,22-24,50-31,40-41,2-8,14-22,62-56,28-16,42-45,48-27,2023,,,,
256,9,Toronto Blue Jays,89,73,.549,4.6,4.1,0.5,0.1,0.5,89-73,0,21-31,22-10,16-16,30-16,43-38,46-35,10-9,25-20,69-58,20-15,43-50,46-23,2023,,,,
257,10,Seattle Mariners,88,74,.543,4.7,4.1,0.6,-0.1,0.6,91-71,-3,13-18,20-13,33-19,22-24,45-36,43-38,6-14,25-26,66-55,22-19,38-48,50-26,2023,,,,
258,11,Minnesota Twins,87,75,.537,4.8,4.1,0.7,-0.2,0.6,93-69,-6,13-19,29-23,20-12,25-21,47-34,40-41,12-8,19-27,66-58,21-17,37-36,50-39,2023,,,,
259,12,Arizona Diamondbacks,84,78,.519,4.6,4.7,-0.1,0.0,-0.1,80-82,4,14-18,20-12,29-23,21-25,43-38,41-40,5-4,21-21,56-57,28-21,40-50,44-28,2023,,,,
260,13,Miami Marlins,84,78,.519,4.1,4.5,-0.4,0.1,-0.3,75-87,9,26-26,18-15,14-17,26-20,46-35,38-43,7-3,33-14,64-59,20-19,38-50,46-28,2023,,,,
261,14,Chicago Cubs,83,79,.512,5.1,4.5,0.6,-0.1,0.5,90-72,-7,11-20,30-22,17-16,25-21,45-36,38-43,3-6,21-24,54-57,29-22,38-51,45-28,2023,,,,
262,15,San Diego Padres,82,80,.506,4.6,4.0,0.6,0.0,0.6,92-70,-10,16-16,11-21,27-25,28-18,44-37,38-43,2-12,9-23,54-61,28-19,40-51,42-29,2023,,,,
263,16,Cincinnati Reds,82,80,.506,4.8,5.1,-0.2,0.0,-0.2,77-85,5,15-17,21-31,18-14,28-18,38-43,44-37,10-5,34-29,59-55,23-25,41-47,41-33,2023,,,,
264,17,New York Yankees,82,80,.506,4.2,4.3,-0.2,0.1,0.0,78-84,4,22-30,18-14,19-13,23-23,42-39,40-41,6-9,17-23,67-67,15-13,47-46,35-34,2023,,,,
265,18,San Francisco Giants,79,83,.488,4.2,4.4,-0.3,0.0,-0.3,76-86,3,13-18,20-13,26-26,20-26,45-36,34-47,11-5,25-19,51-63,28-20,46-55,33-28,2023,,,,
266,19,Detroit Tigers,78,84,.481,4.1,4.6,-0.5,-0.1,-0.6,73-89,5,7-25,35-17,15-17,21-25,37-44,41-40,10-8,21-20,62-62,16-22,31-54,47-30,2023,,,,
267,20,Boston Red Sox,78,84,.481,4.8,4.8,0.0,0.1,0.1,81-81,-3,24-28,19-13,15-17,20-26,39-42,39-42,4-6,18-25,54-66,24-18,51-55,27-29,2023,,,,
268,21,Cleveland Guardians,76,86,.469,4.1,4.3,-0.2,-0.1,-0.3,77-85,-1,16-16,23-29,17-15,20-26,42-39,34-47,11-9,27-31,52-51,24-35,41-45,35-41,2023,,,,
269,22,Pittsburgh Pirates,76,86,.469,4.3,4.9,-0.6,0.0,-0.6,71-91,5,16-17,25-27,16-15,19-27,39-42,37-44,3-9,22-17,50-58,26-28,40-62,36-24,2023,,,,
270,23,New York Mets,75,87,.463,4.4,4.5,-0.1,0.0,0.0,80-82,-5,25-27,13-19,18-14,19-27,43-38,32-49,7-3,25-28,57-52,18-35,45-57,30-30,2023,,,,
271,24,Los Angeles Angels,73,89,.451,4.6,5.1,-0.6,0.0,-0.5,73-89,0,14-18,18-14,22-30,19-27,38-43,35-46,7-8,22-21,57-64,16-25,35-63,38-26,2023,,,,
272,25,St. Louis Cardinals,71,91,.438,4.4,5.1,-0.7,0.0,-0.6,71-91,0,14-18,21-31,13-19,23-23,35-46,36-45,6-6,17-26,54-66,17-25,45-56,26-35,2023,,,,
273,26,Washington Nationals,71,91,.438,4.3,5.2,-0.9,0.1,-0.8,67-95,4,19-33,14-19,15-16,23-23,34-47,37-44,6-2,28-21,47-60,24-31,39-63,32-28,2023,,,,
274,27,Chicago White Sox,61,101,.377,4.0,5.2,-1.2,0.0,-1.3,61-101,0,11-20,23-29,12-21,15-31,31-50,30-51,5-11,19-30,47-77,14-24,26-59,35-42,2023,,,,
275,28,Colorado Rockies,59,103,.364,4.5,5.9,-1.5,0.1,-1.3,60-102,-1,14-20,13-17,14-38,18-28,37-44,22-59,6-4,23-24,37-74,22-29,31-72,28-31,2023,,,,
276,29,Kansas City Royals,56,106,.346,4.2,5.3,-1.1,0.0,-1.2,64-98,-8,9-24,20-32,11-20,16-30,33-48,23-58,3-4,21-20,42-79,14-27,25-60,31-46,2023,,,,
277,30,Oakland Athletics,50,112,.309,3.6,5.7,-2.1,0.1,-2.0,49-113,1,8-24,14-18,14-38,14-32,26-55,24-57,6-8,20-27,31-85,19-27,22-76,28-36,2023,,,,
278,,Average,81,81,.500, 4.6, 4.6,,,,81-80,,17-20,20-18,19-19,23-23,42-38,38-42,6-6,22-22,58-59,22-22,40-50,40-30,2023,,,,
279,1,Los Angeles Dodgers,98,64,.605,5.2,4.2,1.0,0.0,1.0,96-66,2,19-12,18-15,31-21,30-16,52-29,46-35,9-7,21-17,62-47,36-17,51-41,47-23,2024,W 5,8-2,13-7,20-10
280,2,Philadelphia Phillies,95,67,.586,4.8,4.1,0.7,0.0,0.7,92-70,3,29-23,18-14,22-10,26-20,54-27,41-40,8-8,23-20,61-43,34-24,49-41,46-26,2024,W 1,4-6,10-10,17-13
281,3,New York Yankees,94,68,.580,5.0,4.1,0.9,-0.1,0.8,96-66,-2,26-26,24-7,21-12,23-23,44-37,50-31,8-8,19-18,73-45,21-23,55-38,39-30,2024,W 1,5-5,12-8,16-14
282,4,Milwaukee Brewers,93,69,.574,4.8,4.0,0.8,0.0,0.8,95-67,-2,15-15,32-20,15-19,31-15,47-34,46-35,6-9,28-25,69-45,24-24,52-41,41-28,2024,L 1,5-5,11-9,17-13
283,5,San Diego Padres,93,69,.574,4.7,4.1,0.6,0.0,0.6,90-72,3,17-15,22-10,27-25,27-19,45-36,48-33,10-2,22-19,66-50,27-19,50-44,43-25,2024,L 1,7-3,13-7,19-11
284,6,Cleveland Guardians,92,69,.571,4.4,3.9,0.5,-0.1,0.4,90-71,2,18-15,30-22,20-10,24-22,50-30,42-39,10-3,26-19,63-58,29-11,50-47,42-22,2024,L 2,5-5,11-9,17-13
285,7,Baltimore Orioles,91,71,.562,4.9,4.3,0.5,-0.1,0.5,90-72,1,32-20,21-11,18-14,20-26,44-37,47-34,5-6,14-18,68-51,23-20,47-44,44-27,2024,W 3,7-3,9-11,15-15
286,8,Atlanta Braves,89,73,.549,4.3,3.7,0.6,0.0,0.6,92-70,-3,28-24,13-17,17-17,31-15,46-35,43-38,12-5,18-25,60-56,29-17,52-41,37-32,2024,W 1,7-3,12-8,17-13
287,9,New York Mets,89,73,.549,4.7,4.3,0.4,0.0,0.4,88-74,1,30-22,18-14,17-15,24-22,46-35,43-38,8-8,28-16,65-51,24-22,47-46,42-27,2024,L 1,5-5,11-9,20-10
288,10,Arizona Diamondbacks,89,73,.549,5.5,4.9,0.6,0.0,0.6,90-72,-1,18-15,19-12,28-24,24-22,44-37,45-36,5-8,26-20,61-44,28-29,45-48,44-25,2024,W 1,5-5,10-10,14-16
289,11,Houston Astros,88,73,.547,4.6,4.0,0.6,-0.1,0.4,90-71,-2,19-14,18-12,29-23,22-24,46-35,42-38,6-10,18-27,63-52,25-21,41-43,47-30,2024,W 2,6-4,12-8,18-12
290,12,Kansas City Royals,86,76,.531,4.5,4.0,0.6,-0.1,0.5,91-71,-5,14-18,33-19,16-16,23-23,45-36,41-40,3-5,17-21,70-55,16-21,45-54,41-22,2024,W 1,4-6,9-11,12-18
291,13,Detroit Tigers,86,76,.531,4.2,4.0,0.2,-0.1,0.2,85-77,1,20-12,28-24,16-16,22-24,43-38,43-38,10-9,31-24,65-64,21-12,47-50,39-26,2024,L 2,7-3,15-5,20-10
292,14,Seattle Mariners,85,77,.525,4.2,3.7,0.4,-0.1,0.3,89-73,-4,13-19,14-18,32-20,26-20,49-32,36-45,9-8,27-28,61-55,24-22,40-46,45-31,2024,W 4,8-2,13-7,18-12
293,15,Chicago Cubs,83,79,.512,4.5,4.1,0.4,0.0,0.4,88-74,-5,17-16,23-29,16-15,27-19,44-37,39-42,7-5,23-28,69-59,14-20,43-47,40-32,2024,L 1,6-4,11-9,17-13
294,16,St. Louis Cardinals,83,79,.512,4.1,4.4,-0.3,0.1,-0.2,76-86,7,15-16,26-26,18-15,24-22,44-37,39-42,8-9,29-22,59-59,24-20,44-48,39-31,2024,W 1,6-4,11-9,18-12
295,17,Minnesota Twins,82,80,.506,4.6,4.5,0.0,-0.1,0.0,82-80,0,10-21,29-23,25-8,18-28,43-38,39-42,5-9,22-20,61-55,21-25,39-59,43-21,2024,L 4,2-8,6-14,10-20
296,18,Boston Red Sox,81,81,.500,4.6,4.6,0.0,0.0,0.0,81-81,0,25-27,16-17,19-12,21-25,38-43,43-38,10-10,18-13,64-55,17-26,37-56,44-25,2024,W 1,5-5,9-11,13-17
297,19,Tampa Bay Rays,80,82,.494,3.7,4.1,-0.4,0.0,-0.4,74-88,6,26-26,14-18,14-18,26-20,42-39,38-43,8-5,30-22,61-64,19-18,47-57,33-25,2024,L 1,6-4,10-10,14-16
298,20,San Francisco Giants,80,82,.494,4.3,4.3,0.0,0.1,0.0,80-82,0,16-17,15-16,26-26,23-23,42-39,38-43,7-9,24-24,61-57,19-25,46-59,34-23,2024,L 1,6-4,11-9,14-16
299,21,Texas Rangers,78,84,.481,4.2,4.6,-0.3,-0.1,-0.4,75-87,3,14-17,20-13,25-27,19-27,44-37,34-47,9-2,26-20,60-62,18-22,39-60,39-24,2024,W 3,5-5,10-10,17-13
300,22,Cincinnati Reds,77,85,.475,4.3,4.3,0.0,0.1,0.1,82-80,-5,17-15,24-28,15-17,21-25,39-42,38-43,5-5,15-28,61-59,16-26,46-59,31-26,2024,W 1,3-7,9-11,14-16
301,23,Pittsburgh Pirates,76,86,.469,4.1,4.6,-0.5,0.1,-0.4,73-89,3,20-14,25-27,10-20,21-25,39-42,37-44,7-8,25-26,52-63,24-23,44-61,32-25,2024,L 1,5-5,10-10,14-16
302,24,Toronto Blue Jays,74,88,.457,4.1,4.6,-0.4,0.0,-0.4,73-89,1,21-31,13-19,20-12,20-26,39-42,35-46,5-5,19-30,60-66,14-22,43-63,31-25,2024,L 3,2-8,7-13,10-20
303,25,Washington Nationals,71,91,.438,4.1,4.7,-0.6,0.1,-0.6,70-92,1,25-27,15-18,10-21,21-25,38-43,33-48,5-12,14-23,51-63,20-28,38-67,33-24,2024,L 1,3-7,7-13,12-18
304,26,Oakland Athletics,69,93,.426,4.0,4.7,-0.7,0.0,-0.8,68-94,1,12-20,10-22,23-29,24-22,38-43,31-50,5-10,28-26,49-74,20-19,33-65,36-28,2024,L 3,3-7,7-13,12-18
305,27,Los Angeles Angels,63,99,.389,3.9,4.9,-1.0,0.0,-1.0,64-98,-1,10-22,10-22,21-31,22-24,32-49,31-50,4-8,22-26,49-79,14-20,40-58,23-41,2024,L 6,1-9,4-16,9-21
306,28,Miami Marlins,62,100,.383,3.9,5.2,-1.3,0.1,-1.1,61-101,1,18-34,12-21,13-18,19-27,30-51,32-49,10-9,23-20,51-55,11-45,42-61,20-39,2024,W 4,6-4,9-11,14-16
307,29,Colorado Rockies,61,101,.377,4.2,5.7,-1.5,0.2,-1.3,59-103,2,11-20,12-21,18-34,20-26,37-44,24-57,8-4,26-21,46-69,15-32,42-63,19-38,2024,L 3,2-8,8-12,12-18
308,30,Chicago White Sox,41,121,.253,3.1,5.0,-1.9,0.1,-1.8,48-114,-7,10-22,10-42,10-22,11-35,23-58,18-63,4-10,13-29,30-92,11-29,23-90,18-31,2024,W 2,5-5,9-11,10-20
309,,Average,80,80,.500, 4.4, 4.4,,,,80-81,,18-19,19-19,19-18,23-23,42-38,38-42,7-7,22-22,59-58,21-22,43-53,37-27,2024,,4-5,9-10,15-15
