"player_type","amount","rank","team","year","team_id","league","division","market_size","year_end_40_man","Rk","Tm","W","L","W.L.","R","RA","Rdiff","SOS","SRS","pythWL","Luck","vEast","vCent","vWest","Inter","Home","Road","ExInn","X1Run","vRHP","vLHP","X..500","X..500.1","Strk","last10","last20","last30","win_variability"
"Total Adjusted Payroll Allocations",76781801,28,"arizona-diamondbacks",2015,"ARI","National League","West",3251876,79741546,18,"Arizona Diamondbacks",79,83,0.488,4.4,4.4,0,-0.3,-0.2,"82-80",-3,"15-18","14-19","39-37","9-Nov","39-42","40-41","9-Sep","20-24","60-61","19-22","32-53","47-30","","","","",9.29157324317757
"Total Adjusted Payroll Allocations",80491339,26,"athletics",2015,"OAK","American League","West",7039362,84191119,26,"Oakland Athletics",68,94,0.42,4.3,4.5,-0.2,0.3,0.1,"77-85",-9,"23-Oct","14-19","33-43","9-Nov","34-47","34-47","10-Jul","19-35","53-62","15-32","45-62","23-32","","","","",14.422205101856
"Total Adjusted Payroll Allocations",110777379,18,"atlanta-braves",2015,"ATL","National League","East",4112198,107539387,28,"Atlanta Braves",67,95,0.414,3.5,4.7,-1.2,-0.2,-1.4,"61-101",6,"34-42","15-18","21-Dec","14-Jun","42-39","25-56","9-Apr","28-18","54-72","13-23","29-53","38-42","","","","",14.5716619962629
"Total Adjusted Payroll Allocations",116400870,16,"baltimore-orioles",2015,"BAL","American League","East",7608070,124715044,16,"Baltimore Orioles",81,81,0.5,4.4,4.3,0.1,0.4,0.5,"83-79",-2,"39-37","15-18","15-18","8-Dec","47-31","34-50","5-Jun","25-26","59-58","22-23","37-51","44-30","","","","",7.76745346515403
"Total Adjusted Payroll Allocations",183481478,3,"boston-red-sox",2015,"BOS","American League","East",5819100,185568958,19,"Boston Red Sox",78,84,0.481,4.6,4.6,0,0.4,0.3,"81-81",-3,"35-41","15-18","15-18","13-7","43-38","35-46","7-Jul","20-19","57-59","21-25","44-59","34-25","","","","",13.4536240470737
"Total Adjusted Payroll Allocations",132993810,11,"chicago-cubs",2015,"CHC","National League","Central",9157540,133051389,3,"Chicago Cubs",97,65,0.599,4.3,3.8,0.5,-0.3,0.2,"90-72",7,"22-12","46-30","19-13","10-Oct","49-32","48-33","13-5","34-21","77-51","20-14","44-32","53-33","","","","",16.2583311976763
"Total Adjusted Payroll Allocations",116925487,15,"chicago-white-sox",2015,"CHW","American League","Central",9157540,120366643,20,"Chicago White Sox",76,86,0.469,3.8,4.3,-0.5,0.3,-0.2,"72-90",4,"14-19","32-44","21-12","11-Sep","40-41","36-45","13-5","29-30","58-68","18-18","49-61","27-25","","","","",6.80685928555405
"Total Adjusted Payroll Allocations",112333097,17,"cincinnati-reds",2015,"CIN","National League","Central",1979202,118858360,29,"Cincinnati Reds",64,98,0.395,4,4.7,-0.7,-0.1,-0.8,"69-93",-5,"16-17","33-43","25-Aug","13-Jul","34-47","30-51","12-May","18-29","49-71","15-27","35-62","29-36","","","","",13.0128141972954
"Total Adjusted Payroll Allocations",77404413,27,"cleveland-guardians",2015,"CLE","American League","Central",2945831,86962179,15,"Cleveland Indians",81,80,0.503,4.2,4,0.2,0.2,0.4,"84-77",-3,"18-15","32-43","19-14","8-Dec","39-41","42-39","4-May","15-18","57-49","24-31","41-46","40-34","","","","",5.56776436283002
"Total Adjusted Payroll Allocations",101277051,22,"colorado-rockies",2015,"COL","National League","West",2581506,107665140,27,"Colorado Rockies",68,94,0.42,4.5,5.2,-0.7,-0.2,-0.9,"71-91",-3,"16-18","15-17","32-44","15-May","36-45","32-49","5-Mar","20-24","57-62","Nov-32","29-53","39-41","","","","",4.16333199893227
"Total Adjusted Payroll Allocations",162160921,6,"detroit-tigers",2015,"DET","American League","Central",5456428,164010992,22,"Detroit Tigers",74,87,0.46,4.3,5,-0.7,0.3,-0.4,"69-92",5,"20-Dec","41-34","22-Dec","11-Sep","38-43","36-44","8-Sep","26-22","53-70","21-17","51-59","23-28","","","","",10.2143689640297
"Total Adjusted Payroll Allocations",81341546,25,"houston-astros",2015,"HOU","American League","West",4669571,82395216,10,"Houston Astros",86,76,0.531,4.5,3.8,0.7,0.2,0.9,"93-69",-7,"18-16","14-18","38-38","16-4","53-28","33-48","6-Aug","21-29","56-45","30-31","42-43","44-33","","","","",17.5214154679352
"Total Adjusted Payroll Allocations",126529835,13,"kansas-city-royals",2015,"KCR","American League","Central",1776062,128892314,4,"Kansas City Royals",95,67,0.586,4.5,4,0.5,0.2,0.7,"90-72",5,"18-16","44-32","20-12","13-7","51-30","44-37","6-Oct","23-17","64-40","31-27","47-43","48-24","","","","",4.58257569495584
"Total Adjusted Payroll Allocations",142198162,8,"los-angeles-angels",2015,"LAA","American League","West",16373645,149686871,11,"Los Angeles Angels of Anaheim",85,77,0.525,4.1,4.2,-0.1,0.3,0.2,"79-83",6,"16-16","17-17","44-32","12-Aug","49-32","36-45","7-May","35-17","60-55","25-22","38-48","47-29","","","","",10.1488915650922
"Total Adjusted Payroll Allocations",301735080,1,"los-angeles-dodgers",2015,"LAD","National League","West",16373645,291056310,6,"Los Angeles Dodgers",92,70,0.568,4.1,3.7,0.4,-0.3,0.1,"89-73",3,"19-13","17-17","46-30","10-Oct","55-26","37-44","9-Jun","23-26","67-51","25-19","28-37","64-33","","","","",1.15470053837925
"Total Adjusted Payroll Allocations",72990525,30,"miami-marlins",2015,"MIA","National League","East",3878380,63096627,24,"Miami Marlins",71,91,0.438,3.8,4.2,-0.4,-0.3,-0.7,"74-88",-3,"35-41","13-19","16-18","13-Jul","41-40","30-51","3-Jun","23-21","57-72","14-19","33-47","38-44","","","","",7.54983443527075
"Total Adjusted Payroll Allocations",93852267,24,"milwaukee-brewers",2015,"MIL","National League","Central",1689572,98089079,25,"Milwaukee Brewers",68,94,0.42,4,4.5,-0.5,-0.2,-0.7,"72-90",-4,"17-16","31-45","21-Dec","12-Aug","34-47","34-47","5-Apr","16-16","49-74","19-20","36-61","32-33","","","","",7.02376916856849
"Total Adjusted Payroll Allocations",106231818,21,"minnesota-twins",2015,"MIN","American League","Central",2968806,108275245,13,"Minnesota Twins",83,79,0.512,4.3,4.3,0,0.2,0.2,"81-81",2,"19-14","40-36","16-17","12-Aug","46-35","37-44","8-Jun","21-20","55-53","28-26","42-46","41-33","","","","",8.88819441731559
"Total Adjusted Payroll Allocations",110398927,19,"new-york-mets",2015,"NYM","National League","East",21199865,109779018,7,"New York Mets",90,72,0.556,4.2,3.8,0.4,-0.4,0,"89-73",1,"47-29","13-20","21-12","11-Sep","49-32","41-40","6-Sep","25-24","70-56","20-16","28-38","62-34","","","","",8.18535277187245
"Total Adjusted Payroll Allocations",221242659,2,"new-york-yankees",2015,"NYY","American League","East",21199865,223589947,9,"New York Yankees",87,75,0.537,4.7,4.3,0.4,0.3,0.8,"88-74",-1,"38-38","21-12","17-16","9-Nov","45-36","42-39","9-Apr","23-24","60-52","27-23","40-47","47-28","","","","",1.52752523165195
"Total Adjusted Payroll Allocations",141722639,9,"philadelphia-phillies",2015,"PHI","National League","East",6188463,145656077,30,"Philadelphia Phillies",63,99,0.389,3.9,5,-1.1,-0.2,-1.4,"62-100",1,"30-46","23-Nov","14-18","12-Aug","37-44","26-55","9-Jun","16-27","45-79","18-20","29-54","34-45","","","","",5.77350269189626
"Total Adjusted Payroll Allocations",99435606,23,"pittsburgh-pirates",2015,"PIT","National League","Central",2358695,95889960,2,"Pittsburgh Pirates",98,64,0.605,4.3,3.7,0.6,-0.3,0.3,"93-69",5,"24-9","34-42","27-6","13-7","53-28","45-36","9-Dec","36-17","78-48","20-16","42-32","56-32","","","","",5.03322295684717
"Total Adjusted Payroll Allocations",107915272,20,"san-diego-padres",2015,"SDP","National League","West",2813833,110283300,23,"San Diego Padres",74,88,0.457,4,4.5,-0.5,-0.2,-0.7,"72-90",2,"17-16","15-18","35-41","13-Jul","39-42","35-46","5-Jul","22-21","55-67","19-21","33-50","41-38","","","","",1.52752523165195
"Total Adjusted Payroll Allocations",180163630,4,"san-francisco-giants",2015,"SFG","National League","West",7039362,180726826,12,"San Francisco Giants",84,78,0.519,4.3,3.9,0.4,-0.3,0.1,"89-73",-5,"18-15","15-18","38-38","13-7","47-34","37-44","5-Jun","19-28","62-56","22-22","29-33","55-45","","","","",6.11010092660779
"Total Adjusted Payroll Allocations",126045473,14,"seattle-mariners",2015,"SEA","American League","West",3554760,124385330,21,"Seattle Mariners",76,86,0.469,4,4.5,-0.4,0.3,-0.1,"74-88",2,"15-17","14-20","39-37","12-Aug","36-45","40-41","13-Oct","28-29","54-54","22-32","44-58","32-28","","","","",8.18535277187245
"Total Adjusted Payroll Allocations",132178951,12,"st-louis-cardinals",2015,"STL","National League","Central",2603607,132638936,1,"St. Louis Cardinals",100,62,0.617,4,3.2,0.8,-0.3,0.5,"96-66",4,"20-12","46-30","23-11","9-Nov","55-26","45-36","8-Aug","32-23","75-44","25-18","46-31","54-31","","","","",5.13160143944688
"Total Adjusted Payroll Allocations",73241552,29,"tampa-bay-rays",2015,"TBR","American League","East",2395997,77018676,17,"Tampa Bay Rays",80,82,0.494,4,4,0,0.4,0.4,"81-81",-1,"36-40","13-19","17-17","14-6","42-42","38-40","13-Feb","26-30","50-59","30-23","46-58","34-24","","","","",7.93725393319377
"Total Adjusted Payroll Allocations",149285607,7,"texas-rangers",2015,"TEX","American League","West",5221801,156283670,8,"Texas Rangers",88,74,0.543,4.6,4.5,0.1,0.2,0.4,"83-79",5,"23-11","18-14","36-40","9-Nov","43-38","45-36","4-May","27-22","53-43","35-31","48-36","40-38","","","","",13.076696830622
"Total Adjusted Payroll Allocations",138309664,10,"toronto-blue-jays",2015,"TOR","American League","East",4682897,135728804,5,"Toronto Blue Jays",93,69,0.574,5.5,4.1,1.4,0.2,1.6,"102-60",-9,"42-34","20-14","19-13","8-Dec","53-28","40-41","6-Aug","15-28","73-54","20-15","53-33","40-36","","","","",9.50438495292217
"Total Adjusted Payroll Allocations",165655095,5,"washington-nationals",2015,"WSN","National League","East",7608070,169277370,14,"Washington Nationals",83,79,0.512,4.3,3.9,0.4,-0.4,0,"89-73",-6,"44-32","14-19","17-16","12-Aug","46-35","37-44","2-Sep","22-22","60-63","23-16","28-37","55-42","","","","",6.80685928555405
"Total Adjusted Payroll Allocations",97874482,22,"arizona-diamondbacks",2016,"ARI","National League","West",3251876,97053717,24,"Arizona Diamondbacks",69,93,0.426,4.6,5.5,-0.9,0,-0.9,"69-93",0,"18-15","13-20","33-43","15-May","33-48","36-45","8-Aug","22-17","46-71","23-22","30-52","39-41","","","","",7.63762615825973
"Total Adjusted Payroll Allocations",83109288,27,"athletics",2016,"OAK","American League","West",7039362,87599724,25,"Oakland Athletics",69,93,0.426,4,4.7,-0.7,0.2,-0.5,"70-92",-1,"16-17","17-16","29-47","13-Jul","34-47","35-46","5-Jun","25-28","53-67","16-26","49-64","20-29","","","","",11.2694276695846
"Total Adjusted Payroll Allocations",95778126,24,"atlanta-braves",2016,"ATL","National League","East",4112198,108815848,26,"Atlanta Braves",68,93,0.422,4,4.8,-0.8,-0.1,-0.9,"67-94",1,"36-39","13-20","22-Nov","12-Aug","31-50","37-43","11-Nov","21-22","52-62","16-31","27-49","41-44","","","","",6.65832811847939
"Total Adjusted Payroll Allocations",154148832,9,"baltimore-orioles",2016,"BAL","American League","East",7608070,152143130,7,"Baltimore Orioles",89,73,0.549,4.6,4.4,0.2,0.3,0.4,"84-78",5,"40-36","23-9","22-Dec","14-6","50-31","39-42","2-Jun","21-16","66-50","23-23","53-54","36-19","","","","",7.50555349946513
"Total Adjusted Payroll Allocations",207758836,3,"boston-red-sox",2016,"BOS","American League","East",5819100,200563162,5,"Boston Red Sox",93,69,0.574,5.4,4.3,1.1,0.1,1.3,"98-64",-5,"43-33","15-18","21-12","14-6","47-34","46-35","4-Jul","20-24","73-52","20-17","55-48","38-21","","","","",11.2398102000582
"Total Adjusted Payroll Allocations",186772494,5,"chicago-cubs",2016,"CHC","National League","Central",9157540,181914941,1,"Chicago Cubs",103,58,0.64,5,3.4,1.6,-0.2,1.3,"107-54",-4,"19-14","50-25","19-14","15-5","57-24","46-34","4-Sep","22-23","75-41","28-17","31-25","72-33","","","","",15.8745078663875
"Total Adjusted Payroll Allocations",129715686,16,"chicago-white-sox",2016,"CHW","American League","Central",9157540,124423259,19,"Chicago White Sox",78,84,0.481,4.2,4.4,-0.2,0.1,-0.1,"78-84",0,"19-14","32-44","18-15","11-Sep","45-36","33-48","7-Aug","23-29","58-66","20-18","51-61","27-23","","","","",2.51661147842358
"Total Adjusted Payroll Allocations",87226437,25,"cincinnati-reds",2016,"CIN","National League","Central",1979202,91874487,29,"Cincinnati Reds",68,94,0.42,4.4,5.3,-0.9,0,-0.8,"68-94",0,"14-19","33-43","16-17","15-May","38-43","30-51","10-Mar","22-27","54-74","14-20","24-54","44-40","","","","",6.11010092660779
"Total Adjusted Payroll Allocations",104971268,18,"cleveland-guardians",2016,"CLE","American League","Central",2945831,100434413,4,"Cleveland Indians",94,67,0.584,4.8,4.2,0.6,0,0.6,"91-70",3,"14-18","49-26","18-16","13-7","53-28","41-39","6-Jun","28-21","63-47","31-20","48-43","46-24","","","","",6.65832811847939
"Total Adjusted Payroll Allocations",106902280,17,"colorado-rockies",2016,"COL","National League","West",2581506,109957896,20,"Colorado Rockies",75,87,0.463,5.2,5.3,-0.1,-0.1,-0.2,"80-82",-5,"20-14","21-Nov","35-41","11-Sep","42-39","33-48","6-Mar","20-Dec","56-58","19-29","40-40","35-47","","","","",4.72581562625261
"Total Adjusted Payroll Allocations",200179285,4,"detroit-tigers",2016,"DET","American League","Central",5456428,199316863,11,"Detroit Tigers",86,75,0.534,4.7,4.5,0.2,0,0.2,"83-78",3,"19-15","38-37","16-16","13-7","45-35","41-40","4-May","26-17","61-53","25-22","37-52","49-23","","","","",8.32666399786453
"Total Adjusted Payroll Allocations",99828742,20,"houston-astros",2016,"HOU","American League","West",4669571,103697860,14,"Houston Astros",84,78,0.519,4.5,4.3,0.1,0.1,0.3,"83-79",1,"15-18","17-16","41-35","9-Nov","43-38","41-40","8-Oct","28-25","57-52","27-26","39-53","45-25","","","","",8.71779788708135
"Total Adjusted Payroll Allocations",141587358,14,"kansas-city-royals",2016,"KCR","American League","Central",1776062,143380023,16,"Kansas City Royals",81,81,0.5,4.2,4.4,-0.2,0.1,-0.2,"77-85",4,"15-17","46-30","24-Oct","10-Oct","47-34","34-47","3-Jul","23-25","60-59","21-22","40-55","41-26","","","","",7.02376916856849
"Total Adjusted Payroll Allocations",174290373,7,"los-angeles-angels",2016,"LAA","American League","West",16373645,173037550,21,"Los Angeles Angels",74,88,0.457,4.4,4.5,-0.1,0.2,0.1,"80-82",-6,"13-21","17-15","35-41","11-Sep","40-41","34-47","0-4","17-20","53-66","21-22","46-68","28-20","","","","",12.0138808606267
"Total Adjusted Payroll Allocations",264470494,1,"los-angeles-dodgers",2016,"LAD","National League","West",16373645,254937968,6,"Los Angeles Dodgers",91,71,0.562,4.5,3.9,0.5,-0.2,0.4,"90-72",1,"19-13","19-15","43-33","10-Oct","53-28","38-43","8-Jun","22-20","69-47","22-24","31-26","60-45","","","","",1.52752523165195
"Total Adjusted Payroll Allocations",76365306,28,"miami-marlins",2016,"MIA","National League","East",3878380,80996456,17,"Miami Marlins",79,82,0.491,4.1,4.2,-0.2,-0.2,-0.4,"78-83",1,"32-43","21-13","20-12","14-Jun","40-40","39-42","7-Apr","22-24","57-70","22-12","32-43","47-39","","","","",4.16333199893227
"Total Adjusted Payroll Allocations",62161191,30,"milwaukee-brewers",2016,"MIL","National League","Central",1689572,65630828,22,"Milwaukee Brewers",73,89,0.451,4.1,4.5,-0.4,-0.1,-0.5,"74-88",-1,"16-17","31-45","15-18","9-Nov","41-40","32-49","9-Apr","23-28","43-70","30-19","27-46","46-43","","","","",7.09459888459759
"Total Adjusted Payroll Allocations",97244457,23,"minnesota-twins",2016,"MIN","American League","Central",2968806,106840501,30,"Minnesota Twins",59,103,0.364,4.5,5.5,-1,0.1,-0.9,"66-96",-7,"24-Oct","24-52","17-15","12-Aug","30-51","29-52","10-Jun","15-29","38-78","21-25","35-75","24-28","","","","",12.0138808606267
"Total Adjusted Payroll Allocations",147236560,12,"new-york-mets",2016,"NYM","National League","East",21199865,150121895,10,"New York Mets",87,75,0.537,4.1,3.8,0.3,-0.3,0.1,"87-75",0,"40-36","22-10","13-21","8-Dec","44-37","43-38","5-Aug","25-22","68-57","19-18","30-30","57-45","","","","",5.68624070307733
"Total Adjusted Payroll Allocations",220743376,2,"new-york-yankees",2016,"NYY","American League","East",21199865,224461450,15,"New York Yankees",84,78,0.519,4.2,4.3,-0.1,0.3,0.1,"79-83",5,"35-41","21-12","20-13","12-Aug","48-33","36-45","3-Apr","24-12","59-52","25-26","52-54","32-24","","","","",1.73205080756888
"Total Adjusted Payroll Allocations",103898809,19,"philadelphia-phillies",2016,"PHI","National League","East",6188463,109377502,23,"Philadelphia Phillies",71,91,0.438,3.8,4.9,-1.1,-0.1,-1.3,"62-100",9,"30-46","21-Dec","18-15","9-Nov","37-44","34-47","6-Jul","28-23","54-74","17-17","27-49","44-42","","","","",5.29150262212918
"Total Adjusted Payroll Allocations",99518136,21,"pittsburgh-pirates",2016,"PIT","National League","Central",2358695,99866170,18,"Pittsburgh Pirates",78,83,0.484,4.5,4.7,-0.2,-0.1,-0.2,"78-83",0,"14-19","33-42","22-11","11-Sep","38-42","40-41","5-Aug","20-21","58-74","20-9","32-45","46-38","","","","",10
"Total Adjusted Payroll Allocations",83435559,26,"san-diego-padres",2016,"SDP","National League","West",2813833,96990125,27,"San Diego Padres",68,94,0.42,4.2,4.8,-0.5,-0.1,-0.6,"72-90",-4,"14-19","14-19","34-42","14-Jun","39-42","29-52","6-Jun","19-31","47-72","21-22","32-50","36-44","","","","",4.58257569495584
"Total Adjusted Payroll Allocations",178834344,6,"san-francisco-giants",2016,"SFG","National League","West",7039362,180876281,9,"San Francisco Giants",87,75,0.537,4.4,3.9,0.5,-0.2,0.3,"90-72",-3,"17-16","17-16","45-31","12-Aug","45-36","42-39","7-Nov","28-27","57-53","30-22","27-33","60-42","","","","",2.08166599946613
"Total Adjusted Payroll Allocations",147003780,13,"seattle-mariners",2016,"SEA","American League","West",3554760,153168772,12,"Seattle Mariners",86,76,0.531,4.7,4.4,0.4,0.1,0.5,"87-75",-1,"19-13","16-18","38-38","13-7","44-37","42-39","8-Sep","30-30","62-42","24-34","44-47","42-29","","","","",6.08276253029822
"Total Adjusted Payroll Allocations",149355870,10,"st-louis-cardinals",2016,"STL","National League","Central",2603607,153738117,13,"St. Louis Cardinals",86,76,0.531,4.8,4.4,0.4,-0.1,0.3,"88-74",-2,"17-16","42-34","19-14","12-Aug","38-43","48-33","3-Apr","24-23","66-52","20-24","24-35","62-41","","","","",7.21110255092798
"Total Adjusted Payroll Allocations",62408549,29,"tampa-bay-rays",2016,"TBR","American League","East",2395997,66672702,28,"Tampa Bay Rays",68,94,0.42,4.1,4.4,-0.3,0.3,0,"77-85",-9,"32-44","23-Nov","15-17","10-Oct","36-45","32-49","3-Apr","13-27","50-68","18-26","47-74","21-20","","","","",6.2449979983984
"Total Adjusted Payroll Allocations",163021690,8,"texas-rangers",2016,"TEX","American League","West",5221801,154330755,3,"Texas Rangers",95,67,0.586,4.7,4.7,0,0.1,0.2,"82-80",13,"16-17","19-14","47-29","13-7","53-28","42-39","6-Jun","36-11","73-48","22-19","60-31","35-36","","","","",14.5716619962629
"Total Adjusted Payroll Allocations",148385479,11,"toronto-blue-jays",2016,"TOR","American League","East",4682897,153365369,8,"Toronto Blue Jays",89,73,0.549,4.7,4.1,0.6,0.2,0.8,"91-71",-2,"40-36","18-15","18-15","13-7","46-35","43-38","9-Apr","21-25","65-53","24-20","58-45","31-28","","","","",5.03322295684717
"Total Adjusted Payroll Allocations",139583852,15,"washington-nationals",2016,"WSN","National League","East",7608070,155516130,2,"Washington Nationals",95,67,0.586,4.7,3.8,0.9,-0.3,0.6,"97-65",-2,"51-25","17-16","15-18","8-Dec","50-31","45-36","8-May","26-19","75-53","20-14","31-29","64-38","","","","",7.23417813807024
"Total Adjusted Payroll Allocations",102619475,23,"arizona-diamondbacks",2017,"ARI","National League","West",3251876,105941702,6,"Arizona Diamondbacks",93,69,0.574,5,4.1,0.9,-0.2,0.8,"96-66",-3,"19-14","17-16","45-31","8-Dec","52-29","41-40","3-Sep","29-23","68-52","25-17","39-35","54-34","","","","",12.0554275466834
"Total Adjusted Payroll Allocations",73477080,29,"athletics",2017,"OAK","American League","West",7039362,76340952,22,"Oakland Athletics",75,87,0.463,4.6,5.1,-0.5,0.2,-0.4,"73-89",2,"16-19","20-11","32-44","13-Jul","46-35","29-52","9-Apr","21-21","56-61","19-26","24-25","51-62","","","","",3.78593889720018
"Total Adjusted Payroll Allocations",105268575,21,"atlanta-braves",2017,"ATL","National League","East",4112198,122493908,23,"Atlanta Braves",72,90,0.444,4.5,5.1,-0.5,-0.2,-0.7,"73-89",-1,"33-43","21-Nov","19-15","11-Sep","37-44","35-46","8-Jun","19-24","57-75","15-15","25-37","47-53","","","","",2.64575131106459
"Total Adjusted Payroll Allocations",174129785,8,"baltimore-orioles",2017,"BAL","American League","East",7608070,167413907,21,"Baltimore Orioles",75,87,0.463,4.6,5.2,-0.6,0.3,-0.3,"72-90",3,"37-39","13-21","17-15","12-Aug","46-35","29-52","4-Dec","21-20","49-63","26-24","25-46","50-41","","","","",7.02376916856849
"Total Adjusted Payroll Allocations",209872508,2,"boston-red-sox",2017,"BOS","American League","East",5819100,189218620,5,"Boston Red Sox",93,69,0.574,4.8,4.1,0.7,0.1,0.8,"93-69",0,"41-35","20-14","16-16","16-4","48-33","45-36","15-3","22-19","75-50","18-19","27-23","66-46","","","","",8.66025403784439
"Total Adjusted Payroll Allocations",172092536,9,"chicago-cubs",2017,"CHC","National League","Central",9157540,186222249,7,"Chicago Cubs",92,70,0.568,5.1,4.3,0.8,-0.2,0.6,"93-69",-1,"21-13","46-30","13-19","8-Dec","48-33","44-37","3-Jul","26-17","71-56","21-14","35-35","57-35","","","","",5.5075705472861
"Total Adjusted Payroll Allocations",85495238,26,"chicago-white-sox",2017,"CHW","American League","Central",9157540,87809300,27,"Chicago White Sox",67,95,0.414,4.4,5.1,-0.7,0.2,-0.5,"70-92",-3,"13-20","33-43","15-18","14-Jun","39-42","28-53","5-May","21-23","47-69","20-26","23-49","44-46","","","","",5.85946527708232
"Total Adjusted Payroll Allocations",96436003,25,"cincinnati-reds",2017,"CIN","National League","Central",1979202,99951375,26,"Cincinnati Reds",68,94,0.42,4.6,5.4,-0.7,0,-0.7,"70-92",-2,"13-20","37-39","13-20","15-May","39-42","29-52","7-Mar","13-22","59-65","29-Sep","34-60","34-34","","","","",2.3094010767585
"Total Adjusted Payroll Allocations",132258928,18,"cleveland-guardians",2017,"CLE","American League","Central",2945831,136096914,2,"Cleveland Indians",102,60,0.63,5,3.5,1.6,-0.1,1.5,"108-54",-6,"22-12","50-26","24-8","14-Jun","49-32","53-28","2-Apr","20-15","66-36","36-24","27-22","75-38","","","","",10.5987420637231
"Total Adjusted Payroll Allocations",139499341,16,"colorado-rockies",2017,"COL","National League","West",2581506,142686009,9,"Colorado Rockies",87,75,0.537,5.1,4.7,0.4,-0.1,0.3,"87-75",0,"17-16","18-15","42-34","10-Oct","46-35","41-40","3-Feb","21-14","59-55","28-20","37-35","50-40","","","","",9.60902353693305
"Total Adjusted Payroll Allocations",188028874,5,"detroit-tigers",2017,"DET","American League","Central",5456428,190815585,30,"Detroit Tigers",64,98,0.395,4.5,5.5,-1,0.2,-0.8,"67-95",-3,"16-17","31-45","24-Sep","12-Aug","34-47","30-51","4-Jan","17-23","43-76","21-22","28-40","36-58","","","","",11.0151410945722
"Total Adjusted Payroll Allocations",138344211,17,"houston-astros",2017,"HOU","American League","West",4669571,134076102,3,"Houston Astros",101,61,0.623,5.5,4.3,1.2,0,1.2,"99-63",2,"21-13","15-17","50-26","15-5","48-33","53-28","4-Apr","19-13","80-37","21-24","18-15","83-46","","","","",9.29157324317757
"Total Adjusted Payroll Allocations",148227822,13,"kansas-city-royals",2017,"KCR","American League","Central",1776062,153634135,14,"Kansas City Royals",80,82,0.494,4.3,4.9,-0.5,0.2,-0.4,"72-90",8,"17-15","35-41","19-15","11-Sep","43-38","37-44","7-Apr","25-16","62-59","18-23","29-42","51-40","","","","",8.38649708360608
"Total Adjusted Payroll Allocations",166161209,10,"los-angeles-angels",2017,"LAA","American League","West",16373645,173924908,13,"Los Angeles Angels",80,82,0.494,4.4,4.4,0,0.1,0.1,"81-81",-1,"19-13","23-Nov","39-37","9-Nov","43-38","37-44","7-Aug","27-22","56-58","24-24","21-31","59-51","","","","",5.5075705472861
"Total Adjusted Payroll Allocations",259311393,1,"los-angeles-dodgers",2017,"LAD","National League","West",16373645,243687497,1,"Los Angeles Dodgers",104,58,0.642,4.8,3.6,1.2,-0.2,0.9,"102-60",2,"24-10","23-9","41-35","16-4","57-24","47-34","4-Aug","25-19","71-43","33-15","36-33","68-25","","","","",7.23417813807024
"Total Adjusted Payroll Allocations",110765599,20,"miami-marlins",2017,"MIA","National League","East",3878380,116975560,18,"Miami Marlins",77,85,0.475,4.8,5.1,-0.3,-0.2,-0.5,"77-85",0,"34-42","15-19","19-13","11-Sep","42-36","35-49","5-Jun","18-22","64-64","13-21","22-40","55-45","","","","",4.16333199893227
"Total Adjusted Payroll Allocations",64576736,30,"milwaukee-brewers",2017,"MIL","National League","Central",1689572,68190606,10,"Milwaukee Brewers",86,76,0.531,4.5,4.3,0.2,-0.1,0.1,"85-77",1,"18-14","40-36","17-17","9-Nov","46-38","40-38","11-May","25-22","69-59","17-17","37-38","49-38","","","","",9.29157324317757
"Total Adjusted Payroll Allocations",120842831,19,"minnesota-twins",2017,"MIN","American League","Central",2968806,111209586,11,"Minnesota Twins",85,77,0.525,5,4.9,0.2,0.1,0.2,"83-79",2,"15-18","41-35","16-17","13-7","41-40","44-37","3-Mar","15-18","59-54","26-23","20-31","65-46","","","","",14.4683562761405
"Total Adjusted Payroll Allocations",143315158,15,"new-york-mets",2017,"NYM","National League","East",21199865,148604654,25,"New York Mets",70,92,0.432,4.5,5.3,-0.8,-0.1,-0.9,"69-93",1,"37-39","14-19","21-Dec","13-Jul","37-44","33-48","8-Mar","21-24","55-69","15-23","17-49","53-43","","","","",10.785793124909
"Total Adjusted Payroll Allocations",209044502,3,"new-york-yankees",2017,"NYY","American League","East",21199865,208376830,8,"New York Yankees",91,71,0.562,5.3,4.1,1.2,0.1,1.3,"100-62",-9,"44-32","18-15","14-19","15-5","51-30","40-41","6-May","18-26","67-48","24-23","26-22","65-49","","","","",3.51188458428425
"Total Adjusted Payroll Allocations",104020808,22,"philadelphia-phillies",2017,"PHI","National League","East",6188463,114539020,28,"Philadelphia Phillies",66,96,0.407,4.3,4.8,-0.6,-0.1,-0.7,"72-90",-6,"39-37","21-Nov","23-Nov","15-May","39-42","27-54","10-Jul","21-36","42-75","24-21","23-43","43-53","","","","",4.04145188432738
"Total Adjusted Payroll Allocations",100503030,24,"pittsburgh-pirates",2017,"PIT","National League","Central",2358695,95865735,20,"Pittsburgh Pirates",75,87,0.463,4.1,4.5,-0.4,-0.1,-0.4,"74-88",1,"21-13","33-43","21-Nov","10-Oct","44-37","31-50","9-Aug","20-24","58-63","17-24","40-50","35-37","","","","",12.5033328890074
"Total Adjusted Payroll Allocations",76921678,28,"san-diego-padres",2017,"SDP","National League","West",2813833,71292313,24,"San Diego Padres",71,91,0.438,3.7,5,-1.3,0,-1.3,"59-103",12,"14-19","16-17","33-43","12-Aug","43-38","28-53","7-Apr","19-19","52-64","19-27","35-56","36-35","","","","",3
"Total Adjusted Payroll Allocations",188406809,4,"san-francisco-giants",2017,"SFG","National League","West",7039362,186568459,29,"San Francisco Giants",64,98,0.395,3.9,4.8,-0.8,0,-0.9,"67-95",-3,"23-Sep","18-16","29-47","12-Aug","38-43","26-55","7-Dec","23-24","46-68","18-30","36-54","28-44","","","","",12.5033328890074
"Total Adjusted Payroll Allocations",160741810,12,"seattle-mariners",2017,"SEA","American League","West",3554760,157588836,17,"Seattle Mariners",78,84,0.481,4.6,4.8,-0.1,0.1,0,"79-83",-1,"13-19","18-16","35-41","8-Dec","40-41","38-43","5-Jul","26-15","56-61","22-23","20-32","58-52","","","","",5.29150262212918
"Total Adjusted Payroll Allocations",145256085,14,"st-louis-cardinals",2017,"STL","National League","Central",2603607,155235772,12,"St. Louis Cardinals",83,79,0.512,4.7,4.4,0.3,-0.1,0.2,"87-75",-4,"22-10","34-42","19-15","12-Aug","44-37","39-42","9-May","24-29","64-63","19-16","27-44","56-35","","","","",9.07377172587747
"Total Adjusted Payroll Allocations",77811205,27,"tampa-bay-rays",2017,"TBR","American League","East",2395997,81436870,15,"Tampa Bay Rays",80,82,0.494,4.3,4.3,-0.1,0.2,0.1,"80-82",0,"35-41","18-15","16-17","9-Nov","42-39","38-43","6-Aug","21-24","61-53","19-29","31-37","49-45","","","","",6.92820323027551
"Total Adjusted Payroll Allocations",161966320,11,"texas-rangers",2017,"TEX","American League","West",5221801,174726776,16,"Texas Rangers",78,84,0.481,4.9,5,-0.1,0.1,0,"79-83",-1,"20-Dec","18-16","34-42","14-6","41-40","37-44","5-May","13-24","56-66","22-18","18-30","60-54","","","","",8.54400374531753
"Total Adjusted Payroll Allocations",175617487,7,"toronto-blue-jays",2017,"TOR","American League","East",4682897,165179831,19,"Toronto Blue Jays",76,86,0.469,4.3,4.8,-0.6,0.3,-0.3,"72-90",4,"33-43","13-18","21-14","11-Sep","42-39","34-47","14-May","26-27","58-62","18-24","27-41","49-45","","","","",8.88819441731559
"Total Adjusted Payroll Allocations",182238854,6,"washington-nationals",2017,"WSN","National League","East",7608070,178944530,4,"Washington Nationals",97,65,0.599,5.1,4.1,0.9,-0.3,0.6,"96-66",1,"47-29","19-15","21-11","10-Oct","47-34","50-31","4-Jul","30-21","75-50","22-15","23-19","74-46","","","","",7.57187779440036
"Total Adjusted Payroll Allocations",141724597,15,"arizona-diamondbacks",2018,"ARI","National League","West",3251876,132955497,16,"Arizona Diamondbacks",82,80,0.506,4.3,4,0.3,0.2,0.5,"86-76",-4,"17-17","16-16","39-37","10-Oct","40-41","42-39","9-May","20-31","54-50","28-30","42-48","40-32","","","","",12.0138808606267
"Total Adjusted Payroll Allocations",77673582,28,"athletics",2018,"OAK","American League","West",7039362,78454865,4,"Oakland Athletics",97,65,0.599,5,4.2,0.9,0,0.8,"95-67",2,"21-11","26-8","38-38","8-Dec","50-31","47-34","13-6","31-14","65-40","32-25","33-40","64-25","","","","",14.742229591664
"Total Adjusted Payroll Allocations",129739447,20,"atlanta-braves",2018,"ATL","National League","East",4112198,126979738,10,"Atlanta Braves",90,72,0.556,4.7,4.1,0.6,0,0.6,"92-70",-2,"49-27","18-14","15-19","12-Aug","43-38","47-34","8-Jun","23-12","69-46","21-26","38-40","52-32","","","","",11.7189305541646
"Total Adjusted Payroll Allocations",130413607,18,"baltimore-orioles",2018,"BAL","American League","East",7608070,136940695,30,"Baltimore Orioles",47,115,0.29,3.8,5.5,-1.7,0.1,-1.5,"55-107",-8,"23-53","23-Oct","26-Jul","13-Jul","28-53","19-62","9-Apr","29-Dec","26-82","21-33","26-67","21-48","","","","",21.3853532431273
"Total Adjusted Payroll Allocations",227398860,1,"boston-red-sox",2018,"BOS","American League","East",5819100,230396923,1,"Boston Red Sox",108,54,0.667,5.4,4,1.4,-0.2,1.2,"103-59",5,"52-24","19-14","21-12","16-4","57-24","51-30","5-Aug","25-14","87-38","21-16","41-33","67-21","","","","",8.66025403784439
"Total Adjusted Payroll Allocations",194259933,4,"chicago-cubs",2018,"CHC","National League","Central",9157540,198733661,6,"Chicago Cubs",95,68,0.583,4.7,4,0.7,0,0.7,"94-69",1,"22-11","41-36","19-14","13-7","51-31","44-37","8-Nov","26-25","73-55","22-13","49-46","46-22","","","","",5.68624070307733
"Total Adjusted Payroll Allocations",71839808,29,"chicago-white-sox",2018,"CHW","American League","Central",9157540,71604110,28,"Chicago White Sox",62,100,0.383,4,5.2,-1.2,-0.2,-1.4,"62-100",0,"16-16","30-46","24-Oct","14-Jun","30-51","32-49","5-May","15-25","47-75","15-25","24-51","38-49","","","","",8.18535277187245
"Total Adjusted Payroll Allocations",100305768,25,"cincinnati-reds",2018,"CIN","National League","Central",1979202,101177169,23,"Cincinnati Reds",67,95,0.414,4.3,5.1,-0.8,0.2,-0.6,"69-93",-2,"13-21","26-50","18-14","10-Oct","37-44","30-51","12-Jul","29-Oct","45-69","22-26","44-71","23-24","","","","",0.577350269189626
"Total Adjusted Payroll Allocations",142604703,14,"cleveland-guardians",2018,"CLE","American League","Central",2945831,146108675,8,"Cleveland Indians",91,71,0.562,5,4,1,-0.4,0.6,"98-64",-7,"16-18","49-27","14-18","8-Dec","49-32","42-39","9-Apr","22-24","69-50","22-21","23-31","68-40","","","","",5.68624070307733
"Total Adjusted Payroll Allocations",143968544,13,"colorado-rockies",2018,"COL","National League","West",2581506,147574463,9,"Colorado Rockies",91,72,0.558,4.8,4.6,0.2,0.2,0.4,"85-78",6,"23-11","14-18","41-36","13-7","47-34","44-38","6-May","26-15","58-45","33-27","48-44","43-28","","","","",8.32666399786453
"Total Adjusted Payroll Allocations",130995349,17,"detroit-tigers",2018,"DET","American League","Central",5456428,133020546,26,"Detroit Tigers",64,98,0.395,3.9,4.9,-1,-0.2,-1.2,"64-98",0,"15-17","33-43","24-Oct","14-Jun","38-43","26-55","5-May","22-30","45-74","19-24","21-53","43-45","","","","",12.7017059221718
"Total Adjusted Payroll Allocations",163724216,8,"houston-astros",2018,"HOU","American League","West",4669571,163824115,2,"Houston Astros",103,59,0.636,4.9,3.3,1.6,-0.1,1.5,"109-53",-6,"19-15","25-7","46-30","13-7","46-35","57-24","6-May","24-24","66-36","37-23","41-38","62-21","","","","",10.4403065089106
"Total Adjusted Payroll Allocations",129944821,19,"kansas-city-royals",2018,"KCR","American League","Central",1776062,126623310,29,"Kansas City Royals",58,104,0.358,3.9,5.1,-1.2,-0.2,-1.4,"62-100",-4,"24-Sep","36-40","26-Jul","14-Jun","32-49","26-55","8-May","19-30","39-74","19-30","18-56","40-48","","","","",13
"Total Adjusted Payroll Allocations",173717599,7,"los-angeles-angels",2018,"LAA","American League","West",16373645,176725865,18,"Los Angeles Angels",80,82,0.494,4.5,4.5,0,0.1,0.1,"81-81",-1,"21-Nov","22-12","37-39","10-Oct","42-39","38-43","7-May","26-15","58-53","22-29","35-61","45-21","","","","",3.46410161513775
"Total Adjusted Payroll Allocations",199582045,3,"los-angeles-dodgers",2018,"LAD","National League","West",16373645,195741355,7,"Los Angeles Dodgers",92,71,0.564,4.9,3.7,1.2,0.1,1.2,"102-61",-10,"19-13","16-18","45-32","8-Dec","45-37","47-34","7-Aug","22-22","52-46","40-25","51-38","41-33","","","","",7.23417813807024
"Total Adjusted Payroll Allocations",91660500,26,"miami-marlins",2018,"MIA","National League","East",3878380,90476643,27,"Miami Marlins",63,98,0.391,3.7,5,-1.4,0.2,-1.2,"58-103",5,"26-50","13-19","15-18","11-Sep","38-43","25-55","6-Sep","19-21","51-72","26-Dec","34-62","29-36","","","","",8.71779788708135
"Total Adjusted Payroll Allocations",108982016,22,"milwaukee-brewers",2018,"MIL","National League","Central",1689572,108085307,5,"Milwaukee Brewers",96,67,0.589,4.6,4,0.6,0,0.6,"91-72",5,"20-13","40-37","23-10","13-7","51-30","45-37","7-Sep","33-19","72-48","24-19","49-46","47-21","","","","",11.5325625946708
"Total Adjusted Payroll Allocations",115538840,21,"minnesota-twins",2018,"MIN","American League","Central",2968806,131186562,19,"Minnesota Twins",78,84,0.481,4.6,4.8,-0.2,-0.3,-0.5,"77-85",1,"18-16","42-34","22-Oct","12-Aug","49-32","29-52","8-May","15-21","57-59","21-25","29-47","49-37","","","","",13.4536240470737
"Total Adjusted Payroll Allocations",150187987,12,"new-york-mets",2018,"NYM","National League","East",21199865,152098346,20,"New York Mets",77,85,0.475,4.2,4.4,-0.2,0.1,-0.1,"78-84",-1,"40-36","13-20","16-17","12-Aug","37-44","40-41","9-Sep","16-26","59-61","18-24","40-57","37-28","","","","",8.54400374531753
"Total Adjusted Payroll Allocations",180098151,6,"new-york-yankees",2018,"NYY","American League","East",21199865,182692585,3,"New York Yankees",100,62,0.617,5.3,4.1,1.1,-0.2,0.9,"99-63",1,"44-32","23-11","22-10","9-Nov","53-28","47-34","5-Sep","23-17","70-47","30-15","41-30","59-32","","","","",8.02080627701064
"Total Adjusted Payroll Allocations",104297471,23,"philadelphia-phillies",2018,"PHI","National League","East",6188463,106717475,17,"Philadelphia Phillies",80,82,0.494,4.2,4.5,-0.3,0.1,-0.3,"76-86",4,"34-42","19-14","15-18","8-Dec","49-32","31-50","6-Aug","23-18","59-66","21-16","44-50","36-32","","","","",7.09459888459759
"Total Adjusted Payroll Allocations",91025861,27,"pittsburgh-pirates",2018,"PIT","National League","Central",2358695,90579541,14,"Pittsburgh Pirates",82,79,0.509,4.3,4.3,0,0.1,0.1,"80-81",2,"20-Dec","43-33","21-Dec","15-5","44-36","38-43","5-Jul","29-22","61-52","21-27","39-53","43-26","","","","",3.51188458428425
"Total Adjusted Payroll Allocations",101760815,24,"san-diego-padres",2018,"SDP","National League","West",2813833,99367500,25,"San Diego Padres",66,96,0.407,3.8,4.7,-0.9,0.3,-0.7,"65-97",1,"15-17","16-18","28-48","13-Jul","31-50","35-46","11-May","22-21","47-59","19-37","42-66","24-30","","","","",2.51661147842358
"Total Adjusted Payroll Allocations",205665348,2,"san-francisco-giants",2018,"SFG","National League","West",7039362,209569206,21,"San Francisco Giants",73,89,0.451,3.7,4.3,-0.6,0.3,-0.3,"70-92",3,"16-17","22-Nov","38-38","12-Aug","42-39","31-50","10-Nov","26-30","43-54","30-35","47-63","26-26","","","","",11.5902257671425
"Total Adjusted Payroll Allocations",160243827,10,"seattle-mariners",2018,"SEA","American League","West",3554760,161832831,12,"Seattle Mariners",89,73,0.549,4.2,4.4,-0.2,0.1,-0.1,"77-85",12,"19-15","23-9","41-35","14-Jun","45-36","44-37","14-1","36-21","59-49","30-24","39-38","50-35","","","","",5.68624070307733
"Total Adjusted Payroll Allocations",162334311,9,"st-louis-cardinals",2018,"STL","National League","Central",2603607,165792867,13,"St. Louis Cardinals",88,74,0.543,4.7,4.3,0.4,0,0.4,"88-74",0,"16-16","41-35","20-14","9-Nov","43-38","45-36","8-Aug","22-22","61-52","27-22","50-43","38-31","","","","",2.51661147842358
"Total Adjusted Payroll Allocations",68895137,30,"tampa-bay-rays",2018,"TBR","American League","East",2395997,71511584,11,"Tampa Bay Rays",90,72,0.556,4.4,4,0.4,-0.1,0.3,"89-73",1,"41-35","21-11","21-13","13-Jul","51-30","39-42","7-May","28-31","63-52","27-20","34-39","56-33","","","","",11.0151410945722
"Total Adjusted Payroll Allocations",140625018,16,"texas-rangers",2018,"TEX","American League","West",5221801,148309909,24,"Texas Rangers",67,95,0.414,4.5,5.2,-0.7,0.1,-0.6,"71-91",-4,"21-Dec","18-15","28-48","11-Sep","34-47","33-48","7-Jul","19-Dec","45-60","22-35","33-61","34-34","","","","",14.1067359796659
"Total Adjusted Payroll Allocations",150946147,11,"toronto-blue-jays",2018,"TOR","American League","East",4682897,167226219,22,"Toronto Blue Jays",73,89,0.451,4.4,5.1,-0.8,0,-0.7,"69-93",4,"30-46","18-15","21-Dec","13-7","40-41","33-48","6-Oct","23-17","58-51","15-38","31-60","42-29","","","","",8.50490054811538
"Total Adjusted Payroll Allocations",181382609,5,"washington-nationals",2018,"WSN","National League","East",7608070,184734387,15,"Washington Nationals",82,80,0.506,4.8,4.2,0.5,0,0.5,"90-72",-8,"41-35","18-16","14-18","11-Sep","41-40","41-40","10-Apr","18-24","64-52","18-28","33-44","49-36","","","","",8.14452781524708
"Total Adjusted Payroll Allocations",118672377,19,"arizona-diamondbacks",2019,"ARI","National League","West",3251876,109903547,13,"Arizona Diamondbacks",85,77,0.525,5,4.6,0.4,0.2,0.6,"88-74",-3,"17-17","16-16","38-38","14-6","44-37","41-40","9-Sep","24-26","60-58","25-19","35-40","50-37","","","","",5.68624070307733
"Total Adjusted Payroll Allocations",98644531,25,"athletics",2019,"OAK","American League","West",7039362,95733594,6,"Oakland Athletics",97,65,0.599,5.2,4.2,1,-0.2,0.8,"97-65",0,"17-16","25-8","44-32","9-Nov","52-29","45-36","9-Jun","27-22","62-51","35-14","35-27","62-38","","","","",12.7017059221718
"Total Adjusted Payroll Allocations",143947963,15,"atlanta-braves",2019,"ATL","National League","East",4112198,136147636,5,"Atlanta Braves",97,65,0.599,5.3,4.6,0.7,0.1,0.8,"91-71",6,"46-30","20-13","18-15","13-7","50-31","47-34","6-Nov","28-16","74-51","23-14","52-43","45-22","","","","",12.8970280814354
"Total Adjusted Payroll Allocations",73328658,28,"baltimore-orioles",2019,"BAL","American League","East",7608070,82784110,29,"Baltimore Orioles",54,108,0.333,4.5,6.1,-1.6,0,-1.5,"60-102",-6,"24-52","20-Dec","23-Nov","13-Jul","25-56","29-52","8-Feb","22-Nov","33-67","21-41","26-67","28-41","","","","",14.5716619962629
"Total Adjusted Payroll Allocations",229166880,1,"boston-red-sox",2019,"BOS","American League","East",5819100,228403219,14,"Boston Red Sox",84,78,0.519,5.6,5.1,0.5,-0.2,0.2,"87-75",-3,"35-41","21-11","18-16","10-Oct","38-43","46-35","8-Sep","23-22","60-48","24-30","28-45","56-33","","","","",12.1243556529821
"Total Adjusted Payroll Allocations",221580085,3,"chicago-cubs",2019,"CHC","National League","Central",9157540,220307173,15,"Chicago Cubs",84,78,0.519,5,4.4,0.6,0.2,0.8,"90-72",-6,"17-17","37-39","18-14","8-Dec","51-30","33-48","9-Apr","19-27","70-60","14-18","39-45","45-33","","","","",5.68624070307733
"Total Adjusted Payroll Allocations",91371201,26,"chicago-white-sox",2019,"CHW","American League","Central",9157540,97304607,20,"Chicago White Sox",72,89,0.447,4.4,5.2,-0.8,-0.3,-1,"69-92",3,"15-18","38-37","13-20","14-Jun","39-41","33-48","4-Apr","14-18","44-62","28-27","35-53","37-36","","","","",5
"Total Adjusted Payroll Allocations",128691569,17,"cincinnati-reds",2019,"CIN","National League","Central",1979202,135364998,19,"Cincinnati Reds",75,87,0.463,4.3,4.4,-0.1,0.2,0.2,"80-82",-5,"17-17","33-43","16-16","11-Sep","41-40","34-47","8-Jul","24-33","58-64","17-23","46-60","29-27","","","","",4.35889894354067
"Total Adjusted Payroll Allocations",106838693,22,"cleveland-guardians",2019,"CLE","American League","Central",2945831,123127347,9,"Cleveland Indians",93,69,0.574,4.7,4.1,0.7,-0.4,0.2,"93-69",0,"18-16","48-28","19-13","12-Aug","49-32","44-37","7-Jun","15-16","60-47","33-22","25-39","68-30","","","","",5.85946527708232
"Total Adjusted Payroll Allocations",155403513,11,"colorado-rockies",2019,"COL","National League","West",2581506,151889647,22,"Colorado Rockies",71,91,0.438,5.2,5.9,-0.8,0.3,-0.4,"71-91",0,"16-17","15-18","32-44","12-Aug","43-38","28-53","6-Oct","22-21","46-55","25-36","38-60","33-31","","","","",10.5830052442584
"Total Adjusted Payroll Allocations",114631137,20,"detroit-tigers",2019,"DET","American League","Central",5456428,117097633,30,"Detroit Tigers",47,114,0.292,3.6,5.7,-2.1,-0.2,-2.2,"49-112",-2,"14-19","22-53","27-Jun","15-May","22-59","25-55","10-Jun","14-22","34-90","13-24","19-65","28-49","","","","",9.81495457622364
"Total Adjusted Payroll Allocations",167138259,8,"houston-astros",2019,"HOU","American League","West",4669571,169831987,1,"Houston Astros",107,55,0.66,5.7,4,1.7,-0.3,1.4,"107-55",0,"19-13","21-13","56-20","9-Nov","60-21","47-34","4-Oct","24-19","69-44","38-11","35-28","72-27","","","","",3.05505046330389
"Total Adjusted Payroll Allocations",103973003,23,"kansas-city-royals",2019,"KCR","American League","Central",1776062,101984743,27,"Kansas City Royals",59,103,0.364,4.3,5.4,-1.1,-0.2,-1.3,"64-98",-5,"23-Oct","31-45","24-Sep","11-Sep","31-50","28-53","9-Apr","15-25","43-76","16-27","28-60","31-43","","","","",12.4230967690561
"Total Adjusted Payroll Allocations",157999465,10,"los-angeles-angels",2019,"LAA","American League","West",16373645,165595376,21,"Los Angeles Angels",72,90,0.444,4.7,5.4,-0.6,0,-0.6,"72-90",0,"17-18","13-18","30-46","8-Dec","38-43","34-47","7-Mar","18-22","49-60","23-30","29-55","43-35","","","","",4.61880215351701
"Total Adjusted Payroll Allocations",207000814,4,"los-angeles-dodgers",2019,"LAD","National League","West",16373645,205147830,2,"Los Angeles Dodgers",106,56,0.654,5.5,3.8,1.7,0,1.7,"107-55",-1,"23-10","22-11","51-25","10-Oct","59-22","47-34","4-Jun","27-22","76-34","30-22","45-32","61-24","","","","",7.57187779440036
"Total Adjusted Payroll Allocations",75596271,27,"miami-marlins",2019,"MIA","National League","East",3878380,75671476,28,"Miami Marlins",57,105,0.352,3.8,5,-1.2,0.3,-0.9,"61-101",-4,"24-52","24-Oct","14-18","11-Sep","30-51","27-54","9-Jul","16-28","39-81","18-24","38-83","19-22","","","","",10.2632028788938
"Total Adjusted Payroll Allocations",135889019,16,"milwaukee-brewers",2019,"MIL","National League","Central",1689572,132645682,11,"Milwaukee Brewers",89,73,0.549,4.7,4.7,0,0.3,0.3,"81-81",8,"21-11","45-31","15-19","12-Aug","49-32","40-41","8-Jul","27-18","64-49","25-24","48-40","41-33","","","","",5.13160143944688
"Total Adjusted Payroll Allocations",125256003,18,"minnesota-twins",2019,"MIN","American League","Central",2968806,125205980,4,"Minnesota Twins",101,61,0.623,5.8,4.7,1.1,-0.5,0.7,"97-65",4,"20-12","50-26","23-11","12-Aug","46-35","55-26","7-May","23-12","79-44","22-17","32-37","69-24","","","","",11.7898261225516
"Total Adjusted Payroll Allocations",146538234,13,"new-york-mets",2019,"NYM","National League","East",21199865,146217185,12,"New York Mets",86,76,0.531,4.9,4.5,0.3,0.2,0.5,"86-76",0,"40-36","14-19","17-16","15-5","48-33","38-43","9-Jul","24-23","68-53","18-23","47-55","39-21","","","","",8.02080627701064
"Total Adjusted Payroll Allocations",223019037,2,"new-york-yankees",2019,"NYY","American League","East",21199865,225978235,3,"New York Yankees",103,59,0.636,5.8,4.6,1.3,-0.3,1,"99-63",4,"54-22","18-15","19-14","8-Dec","57-24","46-35","4-Jul","18-19","70-41","33-18","43-32","60-27","","","","",6.2449979983984
"Total Adjusted Payroll Allocations",158976752,9,"philadelphia-phillies",2019,"PHI","National League","East",6188463,160974755,16,"Philadelphia Phillies",81,81,0.5,4.8,4.9,-0.1,0.2,0.1,"79-83",2,"36-40","20-13","14-19","9-Nov","45-36","36-45","6-Jul","20-20","63-56","18-25","48-52","33-29","","","","",8.38649708360608
"Total Adjusted Payroll Allocations",72176474,29,"pittsburgh-pirates",2019,"PIT","National League","Central",2358695,78286587,24,"Pittsburgh Pirates",69,93,0.426,4.7,5.6,-0.9,0.3,-0.7,"68-94",1,"21-Nov","29-47","17-17","8-Dec","35-46","34-47","11-Jul","19-25","53-66","16-27","30-72","39-21","","","","",6.50640709864771
"Total Adjusted Payroll Allocations",103699790,24,"san-diego-padres",2019,"SDP","National League","West",2813833,104000709,23,"San Diego Padres",70,92,0.432,4.2,4.9,-0.7,0.3,-0.4,"70-92",0,"14-18","14-20","31-45","9-Nov","36-45","34-47","7-May","26-24","56-70","14-22","40-53","30-39","","","","",2.64575131106459
"Total Adjusted Payroll Allocations",178054110,5,"san-francisco-giants",2019,"SFG","National League","West",7039362,182810115,18,"San Francisco Giants",77,85,0.475,4.2,4.8,-0.6,0.3,-0.3,"71-91",6,"14-19","14-19","38-38","9-Nov","35-46","42-39","13-3","38-16","57-56","20-29","42-55","35-30","","","","",6.65832811847939
"Total Adjusted Payroll Allocations",144388309,14,"seattle-mariners",2019,"SEA","American League","West",3554760,139064933,25,"Seattle Mariners",68,94,0.42,4.7,5.5,-0.8,0,-0.9,"69-93",-1,"14-19","18-15","27-49","11-Sep","35-46","33-48","4-Sep","23-26","52-58","16-36","22-59","46-35","","","","",10.5039675043925
"Total Adjusted Payroll Allocations",173544423,6,"st-louis-cardinals",2019,"STL","National League","Central",2603607,178872485,10,"St. Louis Cardinals",91,71,0.562,4.7,4.1,0.6,0.2,0.8,"92-70",-1,"18-15","46-30","18-15","11-Sep","50-31","41-40","4-Aug","25-22","73-55","18-16","42-42","49-29","","","","",4.04145188432738
"Total Adjusted Payroll Allocations",64178722,30,"tampa-bay-rays",2019,"TBR","American League","East",2395997,67443534,7,"Tampa Bay Rays",96,66,0.593,4.7,4,0.7,-0.2,0.5,"93-69",3,"44-32","20-13","18-15","14-6","48-33","48-33","8-Nov","23-16","64-41","32-25","38-35","58-31","","","","",8.08290376865476
"Total Adjusted Payroll Allocations",148538766,12,"texas-rangers",2019,"TEX","American League","West",5221801,135307635,17,"Texas Rangers",78,84,0.481,5,5.4,-0.4,0,-0.5,"75-87",3,"18-14","18-16","33-43","11-Sep","45-36","33-48","6-Jul","25-21","52-52","26-32","31-53","47-31","","","","",6.35085296108588
"Total Adjusted Payroll Allocations",111086139,21,"toronto-blue-jays",2019,"TOR","American League","East",4682897,120288261,26,"Toronto Blue Jays",67,95,0.414,4.5,5.1,-0.6,-0.1,-0.7,"71-91",-4,"33-43","17-18","14-17","17-Mar","35-46","32-49","8-Jul","18-23","43-65","24-30","35-58","32-37","","","","",4.58257569495584
"Total Adjusted Payroll Allocations",172307808,7,"washington-nationals",2019,"WSN","National League","East",7608070,205283436,8,"Washington Nationals",93,69,0.574,5.4,4.5,0.9,0,1,"95-67",-2,"44-32","17-15","18-16","14-6","50-31","43-38","6-Apr","17-21","69-52","24-17","48-48","45-21","","","","",7.76745346515403
"Total Adjusted Payroll Allocations",65598752,14,"arizona-diamondbacks",2020,"ARI","National League","West",3251876,40297203,26,"Arizona Diamondbacks",25,35,0.417,4.5,4.9,-0.4,0.3,-0.1,"27-33",-2,"0-0","0-0","14-26","9-Nov","16-14","21-Sep","0-3","9-Sep","20-24","11-May","15-Sep","16-20","","","","",5.68624070307733
"Total Adjusted Payroll Allocations",36720178,25,"athletics",2020,"OAK","American League","West",7039362,37304214,5,"Oakland Athletics",36,24,0.6,4.6,3.9,0.7,-0.4,0.3,"35-25",1,"0-0","0-0","26-14","10-Oct","22-10","14-14","1-Jun","6-Jul","25-21","3-Nov","4-Feb","34-20","","","","",12.7017059221718
"Total Adjusted Payroll Allocations",60552671,16,"atlanta-braves",2020,"ATL","National League","East",4112198,62896993,6,"Atlanta Braves",35,25,0.583,5.8,4.8,1,-0.2,0.8,"35-25",0,"24-16","0-0","0-0","9-Nov","19-11","16-14","3-Feb","6-Nov","27-21","4-Aug","9-Dec","23-16","","","","",12.8970280814354
"Total Adjusted Payroll Allocations",23478635,30,"baltimore-orioles",2020,"BAL","American League","East",7608070,23487072,25,"Baltimore Orioles",25,35,0.417,4.6,4.9,-0.3,0.1,-0.3,"28-32",-3,"14-26","0-0","0-0","9-Nov","13-20","15-Dec","4-Apr","12-Jul","18-29","6-Jul","26-Nov","14-9","","","","",14.5716619962629
"Total Adjusted Payroll Allocations",84210390,4,"boston-red-sox",2020,"BOS","American League","East",5819100,64338341,27,"Boston Red Sox",24,36,0.4,4.9,5.9,-1,0.2,-0.8,"25-35",-1,"14-26","0-0","0-0","10-Oct","20-Nov","13-16","0-4","9-Apr","17-19","17-Jul","13-26","10-Nov","","","","",12.1243556529821
"Total Adjusted Payroll Allocations",86012838,3,"chicago-cubs",2020,"CHC","National League","Central",9157540,80584972,9,"Chicago Cubs",34,26,0.567,4.4,4,0.4,-0.2,0.3,"33-27",1,"0-0","22-18","0-0","8-Dec","19-14","15-12","1-Mar","9-Oct","27-22","4-Jul","19-14","15-12","","","","",5.68624070307733
"Total Adjusted Payroll Allocations",53665251,20,"chicago-white-sox",2020,"CHW","American League","Central",9157540,52591640,8,"Chicago White Sox",35,25,0.583,5.1,4.1,1,0,1,"36-24",-1,"0-0","25-15","0-0","10-Oct","18-12","17-13","2-Jan","8-May","21-25","14-0","20-Dec","23-5","","","","",5
"Total Adjusted Payroll Allocations",55147001,18,"cincinnati-reds",2020,"CIN","National League","Central",1979202,57693627,14,"Cincinnati Reds",31,29,0.517,4.1,4.1,0,-0.2,-0.2,"30-30",1,"0-0","21-19","0-0","10-Oct","16-13","15-16","Feb-00","8-Jul","24-23","6-Jul","13-17","18-12","","","","",4.35889894354067
"Total Adjusted Payroll Allocations",39299107,24,"cleveland-guardians",2020,"CLE","American League","Central",2945831,36441612,7,"Cleveland Indians",35,25,0.583,4.1,3.5,0.7,0,0.6,"35-25",0,"0-0","23-17","0-0","8-Dec","18-12","17-13","2-Apr","6-Aug","27-20","5-Aug","16-15","19-10","","","","",5.85946527708232
"Total Adjusted Payroll Allocations",67808533,12,"colorado-rockies",2020,"COL","National League","West",2581506,57342920,23,"Colorado Rockies",26,34,0.433,4.6,5.9,-1.3,0.4,-0.9,"23-37",3,"0-0","0-0","17-23","11-Sep","18-Dec","14-16","2-Jan","8-Sep","16-24","10-Oct","15-Sep","17-19","","","","",10.5830052442584
"Total Adjusted Payroll Allocations",43164880,22,"detroit-tigers",2020,"DET","American League","Central",5456428,44920345,28,"Detroit Tigers",23,35,0.397,4.3,5.5,-1.2,0.3,-0.9,"23-35",0,"0-0","28-Dec","0-0","7-Nov","15-Dec","20-Nov","2-Jan","9-Jul","16-31","4-Jul","14-27","8-Sep","","","","",9.81495457622364
"Total Adjusted Payroll Allocations",82655105,5,"houston-astros",2020,"HOU","American League","West",4669571,81422510,15,"Houston Astros",29,31,0.483,4.7,4.6,0.1,-0.3,-0.2,"30-30",-1,"0-0","0-0","19-21","10-Oct","20-8","23-Sep","7-Feb","14-Oct","17-21","10-Dec","13-Apr","25-18","","","","",3.05505046330389
"Total Adjusted Payroll Allocations",34934696,26,"kansas-city-royals",2020,"KCR","American League","Central",1776062,39188531,22,"Kansas City Royals",26,34,0.433,4.1,4.5,-0.4,0.2,-0.2,"27-33",-1,"0-0","17-23","0-0","11-Sep","15-15","19-Nov","2-Jan","9-Aug","22-27","7-Apr","17-27","7-Sep","","","","",12.4230967690561
"Total Adjusted Payroll Allocations",67040893,13,"los-angeles-angels",2020,"LAA","American League","West",16373645,69858103,21,"Los Angeles Angels",26,34,0.433,4.9,5.4,-0.5,-0.1,-0.6,"28-32",-2,"0-0","0-0","19-21","13-Jul","16-15","19-Oct","5-Mar","9-Sep","17-24","10-Sep","13-Jul","19-21","","","","",4.61880215351701
"Total Adjusted Payroll Allocations",124719080,1,"los-angeles-dodgers",2020,"LAD","National League","West",16373645,98596239,1,"Los Angeles Dodgers",43,17,0.717,5.8,3.6,2.3,-0.1,2.2,"43-17",0,"0-0","0-0","27-13","16-4","21-9","22-8","1-May","5-Jul","30-12","13-5","5-Aug","35-12","","","","",7.57187779440036
"Total Adjusted Payroll Allocations",33901920,27,"miami-marlins",2020,"MIA","National League","East",3878380,46304592,13,"Miami Marlins",31,29,0.517,4.4,5.1,-0.7,0.1,-0.6,"26-34",5,"21-19","0-0","0-0","10-Oct","15-Nov","20-14","2-Mar","8-Nov","24-17","12-Jul","14-Sep","22-15","","","","",10.2632028788938
"Total Adjusted Payroll Allocations",41434086,23,"milwaukee-brewers",2020,"MIL","National League","Central",1689572,41514490,17,"Milwaukee Brewers",29,31,0.483,4.1,4.4,-0.3,-0.1,-0.4,"28-32",1,"0-0","19-21","0-0","10-Oct","15-14","14-17","2-Mar","5-Nov","18-24","7-Nov","19-24","7-Oct","","","","",5.13160143944688
"Total Adjusted Payroll Allocations",59679689,17,"minnesota-twins",2020,"MIN","American League","Central",2968806,52627942,4,"Minnesota Twins",36,24,0.6,4.5,3.6,0.9,0,0.9,"36-24",0,"0-0","23-17","0-0","13-7","24-7","17-Dec","1-Mar","5-Sep","27-17","7-Sep","18-12","18-12","","","","",11.7898261225516
"Total Adjusted Payroll Allocations",81945598,6,"new-york-mets",2020,"NYM","National League","East",21199865,83386464,20,"New York Mets",26,34,0.433,4.8,5.1,-0.4,0,-0.3,"28-32",-2,"17-23","0-0","0-0","11-Sep","17-Dec","14-17","4-Jan","11-Jun","18-20","14-Aug","14-18","16-Dec","","","","",8.02080627701064
"Total Adjusted Payroll Allocations",111939081,2,"new-york-yankees",2020,"NYY","American League","East",21199865,83561405,10,"New York Yankees",33,27,0.55,5.3,4.5,0.8,-0.1,0.7,"34-26",-1,"23-17","0-0","0-0","10-Oct","22-9","18-Nov","2-May","7-Jun","26-19","8-Jul","17-Oct","23-10","","","","",6.2449979983984
"Total Adjusted Payroll Allocations",73543547,8,"philadelphia-phillies",2020,"PHI","National League","East",6188463,65073877,18,"Philadelphia Phillies",28,32,0.467,5.1,5.2,-0.1,0,-0.1,"30-30",-2,"21-19","0-0","0-0","13-Jul","19-13","19-Sep","2-Mar","10-Aug","15-23","13-9","13-20","15-12","","","","",8.38649708360608
"Total Adjusted Payroll Allocations",25343022,29,"pittsburgh-pirates",2020,"PIT","National League","Central",2358695,24056794,30,"Pittsburgh Pirates",19,41,0.317,3.7,5,-1.3,0.1,-1.2,"22-38",-3,"0-0","16-24","0-0","17-Mar","13-19","22-Jun","5-Jan","15-Aug","17-31","10-Feb","14-30","11-May","","","","",6.50640709864771
"Total Adjusted Payroll Allocations",72861614,11,"san-diego-padres",2020,"SDP","National League","West",2813833,76324784,3,"San Diego Padres",37,23,0.617,5.4,4,1.4,0,1.4,"38-22",-1,"0-0","0-0","24-16","13-7","21-11","16-12","Apr-00","8-Aug","27-13","10-Oct","7-Jun","31-16","","","","",2.64575131106459
"Total Adjusted Payroll Allocations",73408817,9,"san-francisco-giants",2020,"SFG","National League","West",7039362,66710217,16,"San Francisco Giants",29,31,0.483,5,5,0,0.3,0.3,"30-30",-1,"0-0","0-0","18-22","9-Nov","19-14","17-Oct","3-Feb","8-Aug","15-21","14-10","19-Jul","22-12","","","","",6.65832811847939
"Total Adjusted Payroll Allocations",50563459,21,"seattle-mariners",2020,"SEA","American League","West",3554760,55213899,19,"Seattle Mariners",27,33,0.45,4.2,5.1,-0.8,-0.1,-0.9,"25-35",2,"0-0","0-0","20-20","13-Jul","14-10","13-23","3-Feb","8-Jul","19-21","12-Aug","12-Aug","19-21","","","","",10.5039675043925
"Total Adjusted Payroll Allocations",73246343,10,"st-louis-cardinals",2020,"STL","National League","Central",2603607,69331172,12,"St. Louis Cardinals",30,28,0.517,4.1,3.9,0.2,-0.2,0,"30-28",0,"0-0","22-18","0-0","10-Aug","14-13","16-15","3-Jan","6-Jul","26-21","7-Apr","15-15","15-13","","","","",4.04145188432738
"Total Adjusted Payroll Allocations",28290689,28,"tampa-bay-rays",2020,"TBR","American League","East",2395997,29411350,2,"Tampa Bay Rays",40,20,0.667,4.8,3.8,1,-0.1,0.9,"36-24",4,"27-13","0-0","0-0","13-7","20-9","20-11","3-Apr","14-5","31-12","8-Sep","21-9","19-11","","","","",8.08290376865476
"Total Adjusted Payroll Allocations",63876359,15,"texas-rangers",2020,"TEX","American League","West",5221801,75194495,29,"Texas Rangers",22,38,0.367,3.7,5.2,-1.5,-0.1,-1.6,"21-39",1,"0-0","0-0","16-24","14-Jun","16-14","24-Jun","2-Feb","6-Jul","15-23","15-Jul","13-Apr","18-25","","","","",6.35085296108588
"Total Adjusted Payroll Allocations",54237801,19,"toronto-blue-jays",2020,"TOR","American League","East",4682897,54610530,11,"Toronto Blue Jays",32,28,0.533,5,5.2,-0.2,0,-0.1,"29-31",3,"22-18","0-0","0-0","10-Oct","17-9","15-19","6-May","13-10","20-20","8-Dec","15-Dec","20-13","","","","",4.58257569495584
"Total Adjusted Payroll Allocations",74697333,7,"washington-nationals",2020,"WSN","National League","East",7608070,76195840,24,"Washington Nationals",26,34,0.433,4.9,5,-0.1,0,-0.2,"29-31",-3,"17-23","0-0","0-0","11-Sep","15-18","16-Nov","1-Apr","9-Jul","15-28","6-Nov","14-17","17-Dec","","","","",7.76745346515403
"Total Adjusted Payroll Allocations",91632929,21,"arizona-diamondbacks",2021,"ARI","National League","West",3251876,99951436,30,"Arizona Diamondbacks",52,110,0.321,4.2,5.5,-1.3,0.2,-1.1,"61-101",-9,"13-21","13-19","22-54","16-Apr","32-49","20-61","10-Jun","31-Oct","40-75","Dec-35","22-63","30-47","","","","",18.2482875908947
"Total Adjusted Payroll Allocations",89767668,23,"athletics",2021,"OAK","American League","West",7039362,90402244,13,"Oakland Athletics",86,76,0.531,4.6,4.2,0.3,0.1,0.4,"87-75",-1,"15-18","23-10","37-39","9-Nov","43-38","43-38","3-Aug","23-27","49-50","37-26","30-51","56-25","","","","",6.35085296108588
"Total Adjusted Payroll Allocations",151393755,11,"atlanta-braves",2021,"ATL","National League","East",4112198,148497447,12,"Atlanta Braves",88,73,0.547,4.9,4.1,0.8,-0.1,0.7,"94-67",-6,"45-31","22-12","15-16","14-Jun","42-38","46-35","9-May","26-31","65-55","23-18","31-37","57-36","","","","",4.72581562625261
"Total Adjusted Payroll Allocations",42421870,30,"baltimore-orioles",2021,"BAL","American League","East",7608070,59054021,29,"Baltimore Orioles",52,110,0.321,4.1,5.9,-1.8,0.3,-1.5,"54-108",-2,"20-56","24-Oct","15-17","13-Jul","27-54","25-56","7-Apr","13-24","30-67","22-43","30-78","22-32","","","","",3.60555127546399
"Total Adjusted Payroll Allocations",186718068,6,"boston-red-sox",2021,"BOS","American League","East",5819100,187356913,7,"Boston Red Sox",92,70,0.568,5.1,4.6,0.5,0.1,0.6,"88-74",4,"41-35","20-13","15-18","16-4","49-32","43-38","5-Nov","26-18","57-39","35-31","46-48","46-22","","","","",12.2202018532156
"Total Adjusted Payroll Allocations",144037170,14,"chicago-cubs",2021,"CHC","National League","Central",9157540,152189618,24,"Chicago Cubs",71,91,0.438,4.4,5.2,-0.8,-0.1,-0.9,"68-94",3,"13-21","35-41","17-15","14-Jun","39-42","32-49","7-Jun","24-27","50-67","21-24","31-60","40-31","","","","",12.0138808606267
"Total Adjusted Payroll Allocations",140406825,15,"chicago-white-sox",2021,"CHW","American League","Central",9157540,141808402,6,"Chicago White Sox",93,69,0.574,4.9,3.9,1,-0.2,0.8,"97-65",-4,"19-14","44-32","16-17","14-6","53-28","40-41","7-Jun","18-24","68-52","25-17","27-29","66-40","","","","",15.8219257150744
"Total Adjusted Payroll Allocations",126587447,16,"cincinnati-reds",2021,"CIN","National League","Central",1979202,131309602,14,"Cincinnati Reds",83,79,0.512,4.9,4.7,0.2,-0.2,0,"83-79",0,"20-13","43-33","22-Nov","11-Sep","44-37","39-42","8-Sep","24-20","62-59","21-20","31-37","52-42","","","","",8
"Total Adjusted Payroll Allocations",50670534,29,"cleveland-guardians",2021,"CLE","American League","Central",2945831,53010498,16,"Cleveland Indians",80,82,0.494,4.4,4.5,-0.1,-0.1,-0.1,"80-82",0,"13-21","43-33","15-17","11-Sep","40-41","40-41","9-Jul","17-22","51-52","29-30","28-51","52-31","","","","",7
"Total Adjusted Payroll Allocations",116208966,18,"colorado-rockies",2021,"COL","National League","West",2581506,119908394,21,"Colorado Rockies",74,87,0.46,4.6,4.9,-0.4,0.1,-0.2,"75-86",-1,"19-13","14-19","31-45","10-Oct","48-33","26-54","7-Aug","24-25","47-69","27-18","31-52","43-35","","","","",10.785793124909
"Total Adjusted Payroll Allocations",83698945,25,"detroit-tigers",2021,"DET","American League","Central",5456428,86047409,18,"Detroit Tigers",77,85,0.475,4.3,4.7,-0.4,-0.1,-0.4,"75-87",2,"18-14","30-46","18-16","9-Nov","42-39","35-46","8-Dec","23-23","48-60","29-25","39-36","38-49","","","","",15.0443787951957
"Total Adjusted Payroll Allocations",194222042,4,"houston-astros",2021,"HOU","American League","West",4669571,189586134,5,"Houston Astros",95,67,0.586,5.3,4.1,1.3,-0.1,1.2,"101-61",-6,"18-13","19-16","49-27","11-Sep","51-30","44-37","8-Sep","21-19","61-39","34-28","45-32","50-35","","","","",6.11010092660779
"Total Adjusted Payroll Allocations",91595545,22,"kansas-city-royals",2021,"KCR","American League","Central",1776062,94475853,22,"Kansas City Royals",74,88,0.457,4.2,4.9,-0.6,0,-0.6,"71-91",3,"21-Dec","36-40","14-19","8-Dec","39-42","35-46","5-Apr","21-19","48-64","26-24","35-44","39-44","","","","",8.9628864398325
"Total Adjusted Payroll Allocations",182749560,7,"los-angeles-angels",2021,"LAA","American League","West",16373645,182925936,20,"Los Angeles Angels",77,85,0.475,4.5,5,-0.5,0.2,-0.3,"73-89",4,"16-17","21-12","29-47","9-Nov","40-42","37-43","5-Mar","25-14","47-60","30-25","39-62","38-23","","","","",4.04145188432738
"Total Adjusted Payroll Allocations",265343390,1,"los-angeles-dodgers",2021,"LAD","National League","West",16373645,262108948,2,"Los Angeles Dodgers",106,56,0.654,5.1,3.5,1.7,-0.1,1.6,"109-53",-3,"24-9","20-13","50-26","8-Dec","58-23","48-33","13-Jun","24-24","73-42","33-14","35-27","71-29","","","","",8.08290376865476
"Total Adjusted Payroll Allocations",58088180,27,"miami-marlins",2021,"MIA","National League","East",3878380,60877424,25,"Miami Marlins",67,95,0.414,3.8,4.3,-0.5,0,-0.5,"72-90",-5,"35-41","20-Dec","17-17","17-Mar","42-39","25-56","8-Sep","21-29","49-64","18-31","31-56","36-39","","","","",5.03322295684717
"Total Adjusted Payroll Allocations",99377415,19,"milwaukee-brewers",2021,"MIL","National League","Central",1689572,105991594,4,"Milwaukee Brewers",95,67,0.586,4.6,3.8,0.7,-0.3,0.4,"93-69",2,"17-14","47-29","23-12","12-Aug","45-36","50-31","9-Oct","21-15","75-48","20-19","32-36","63-31","","","","",3.78593889720018
"Total Adjusted Payroll Allocations",121417939,17,"minnesota-twins",2021,"MIN","American League","Central",2968806,125983176,23,"Minnesota Twins",73,89,0.451,4.5,5.1,-0.6,0,-0.6,"71-91",2,"13-20","37-39","13-20","10-Oct","38-43","35-46","12-Nov","25-19","53-53","20-36","29-49","44-40","","","","",14.9331845230681
"Total Adjusted Payroll Allocations",201189189,3,"new-york-mets",2021,"NYM","National League","East",21199865,198818899,19,"New York Mets",77,85,0.475,3.9,4.1,-0.2,0,-0.2,"77-85",0,"39-37","13-20","16-17","11-Sep","47-34","30-51","7-Nov","31-35","59-52","18-33","33-53","44-32","","","","",5.19615242270663
"Total Adjusted Payroll Allocations",203311013,2,"new-york-yankees",2021,"NYY","American League","East",21199865,203628978,8,"New York Yankees",92,70,0.568,4.4,4.1,0.3,0.1,0.4,"86-76",6,"36-40","22-10","22-12","8-Dec","46-35","46-35","8-Oct","28-20","60-46","32-24","48-43","44-27","","","","",5.68624070307733
"Total Adjusted Payroll Allocations",190513223,5,"philadelphia-phillies",2021,"PHI","National League","East",6188463,192366818,15,"Philadelphia Phillies",82,80,0.506,4.5,4.6,-0.1,0,-0.1,"80-82",2,"41-35","20-14","13-19","12-Aug","47-34","35-46","6-Nov","30-25","59-51","23-29","30-38","52-42","","","","",1
"Total Adjusted Payroll Allocations",54356609,28,"pittsburgh-pirates",2021,"PIT","National League","Central",2358695,50337389,27,"Pittsburgh Pirates",61,101,0.377,3.8,5.1,-1.4,0,-1.4,"58-104",3,"17-17","23-53","21-Nov","10-Oct","37-44","24-57","3-May","20-22","47-65","14-36","29-59","32-42","","","","",10.5987420637231
"Total Adjusted Payroll Allocations",179767346,8,"san-diego-padres",2021,"SDP","National League","West",2813833,184125634,17,"San Diego Padres",79,83,0.488,4.5,4.4,0.1,0.1,0.2,"83-79",-4,"15-18","16-17","34-42","14-6","45-36","34-47","8-Aug","21-26","55-63","24-20","39-44","40-39","","","","",6.65832811847939
"Total Adjusted Payroll Allocations",171191545,9,"san-francisco-giants",2021,"SFG","National League","West",7039362,165869140,1,"San Francisco Giants",107,55,0.66,5,3.7,1.3,-0.1,1.2,"103-59",4,"21-11","20-14","53-23","13-7","54-27","53-28","9-Oct","31-17","80-35","27-20","35-28","72-27","","","","",18.5831464863551
"Total Adjusted Payroll Allocations",83822113,24,"seattle-mariners",2021,"SEA","American League","West",3554760,93650276,11,"Seattle Mariners",90,72,0.556,4.3,4.6,-0.3,0.1,-0.2,"76-86",14,"19-15","15-17","47-29","11-Sep","46-35","44-37","14-7","33-19","54-44","36-28","44-34","46-38","","","","",12.4230967690561
"Total Adjusted Payroll Allocations",151469994,10,"st-louis-cardinals",2021,"STL","National League","Central",2603607,168923070,10,"St. Louis Cardinals",90,72,0.556,4.4,4.1,0.2,-0.2,0,"85-77",5,"17-16","42-34","20-13","9-Nov","45-36","45-36","2-Jul","26-19","66-59","24-13","32-36","58-36","","","","",1.52752523165195
"Total Adjusted Payroll Allocations",70104552,26,"tampa-bay-rays",2021,"TBR","American League","East",2395997,76856333,3,"Tampa Bay Rays",100,62,0.617,5.3,4,1.3,0,1.3,"101-61",-1,"51-25","19-13","15-19","15-5","52-29","48-33","12-Jul","20-25","62-35","38-27","48-42","52-20","","","","",5.03322295684717
"Total Adjusted Payroll Allocations",95788819,20,"texas-rangers",2021,"TEX","American League","West",5221801,104310488,28,"Texas Rangers",60,102,0.37,3.9,5,-1.2,0.2,-1,"62-100",-2,"14-20","21-Nov","28-48","13-Jul","36-45","24-57","9-Sep","18-21","33-68","27-34","34-63","26-39","","","","",9.07377172587747
"Total Adjusted Payroll Allocations",150140253,12,"toronto-blue-jays",2021,"TOR","American League","East",4682897,152261601,9,"Toronto Blue Jays",91,71,0.562,5.2,4.1,1.1,0,1.2,"99-63",-8,"42-34","19-15","16-16","14-6","47-33","44-38","9-Mar","15-15","68-51","23-20","48-44","43-27","","","","",12.4899959967968
"Total Adjusted Payroll Allocations",144415187,13,"washington-nationals",2021,"WSN","National League","East",7608070,168252361,26,"Washington Nationals",65,97,0.401,4.5,5.1,-0.6,0,-0.6,"72-90",-7,"30-46","14-18","23-Nov","10-Oct","35-46","30-51","11-Feb","22-26","47-63","18-34","27-58","38-39","","","","",14.1067359796659
"Total Adjusted Payroll Allocations",85119750,26,"arizona-diamondbacks",2022,"ARI","National League","West",3251876,97830686,20,"Arizona Diamondbacks",74,88,0.457,4.3,4.6,-0.2,0,-0.2,"77-85",-3,"16-15","17-18","29-47","8-Dec","40-41","34-47","7-May","17-29","51-63","23-25","39-60","35-28","","","","",16.8027775481714
"Total Adjusted Payroll Allocations",48443900,29,"athletics",2022,"OAK","American League","West",7039362,49066454,29,"Oakland Athletics",60,102,0.37,3.5,4.8,-1.2,0.2,-1,"59-103",1,"13-20","21-Dec","30-46","15-May","29-51","31-51","4-Jun","17-25","44-75","16-27","33-60","27-42","","","","",19
"Total Adjusted Payroll Allocations",177138888,10,"atlanta-braves",2022,"ATL","National League","East",4112198,189694231,3,"Atlanta Braves",101,61,0.623,4.9,3.8,1.1,-0.1,1,"100-62",1,"48-28","21-12","19-14","13-7","55-26","46-35","7-Jun","26-18","64-44","37-17","40-37","61-24","","","","",6.65832811847939
"Total Adjusted Payroll Allocations",44888388,30,"baltimore-orioles",2022,"BAL","American League","East",7608070,60327739,14,"Baltimore Orioles",83,79,0.512,4.2,4.2,-0.1,0.2,0.1,"79-83",4,"34-42","16-17","21-12","8-Dec","45-36","38-43","5-Aug","23-24","56-56","27-23","42-47","41-32","","","","",17.3493515728975
"Total Adjusted Payroll Allocations",211812131,6,"boston-red-sox",2022,"BOS","American League","East",5819100,217089051,18,"Boston Red Sox",78,84,0.481,4.5,4.9,-0.3,0.2,-0.1,"76-86",2,"26-50","18-15","25-8","11-Sep","43-38","35-46","11-Jul","24-26","55-71","23-13","47-65","31-19","","","","",7.02376916856849
"Total Adjusted Payroll Allocations",150580017,14,"chicago-cubs",2022,"CHC","National League","Central",9157540,152535284,19,"Chicago Cubs",74,88,0.457,4.1,4.5,-0.5,-0.1,-0.6,"73-89",1,"21-10","37-39","25-Oct","14-Jun","37-44","37-44","12-Jul","26-27","55-64","19-24","37-58","37-30","","","","",6.80685928555405
"Total Adjusted Payroll Allocations",203205326,7,"chicago-white-sox",2022,"CHW","American League","Central",9157540,194558797,15,"Chicago White Sox",81,81,0.5,4.2,4.4,-0.2,-0.1,-0.3,"78-84",3,"15-17","37-39","18-16","9-Nov","37-44","44-37","9-Jun","27-16","64-61","17-20","31-36","50-45","","","","",10.5356537528527
"Total Adjusted Payroll Allocations",115417321,21,"cincinnati-reds",2022,"CIN","National League","Central",1979202,112835589,28,"Cincinnati Reds",62,100,0.383,4,5,-1,-0.1,-1.1,"64-98",-2,"22-Dec","28-48","22-Oct","8-Dec","33-48","29-52","5-Jun","21-23","45-71","17-29","32-61","30-39","","","","",10.5987420637231
"Total Adjusted Payroll Allocations",66477492,27,"cleveland-guardians",2022,"CLE","American League","Central",2945831,69080715,7,"Cleveland Guardians",92,70,0.568,4.3,3.9,0.4,-0.1,0.2,"88-74",4,"15-17","47-29","18-16","8-Dec","46-35","46-35","13-6","28-17","64-53","28-17","34-34","58-36","","","","",7.23417813807024
"Total Adjusted Payroll Allocations",140012218,17,"colorado-rockies",2022,"COL","National League","West",2581506,137612309,24,"Colorado Rockies",68,94,0.42,4.3,5.4,-1.1,0.1,-1,"65-97",3,"24-Oct","16-16","33-43","11-Sep","41-40","27-54","8-Jun","23-24","39-62","29-32","35-63","33-31","","","","",3
"Total Adjusted Payroll Allocations",135112588,18,"detroit-tigers",2022,"DET","American League","Central",5456428,130977815,25,"Detroit Tigers",66,96,0.407,3.4,4.4,-1,0,-1,"63-99",3,"21-Nov","34-42","24-Oct","9-Nov","36-46","30-50","7-Mar","22-20","46-72","20-24","32-56","34-40","","","","",15.1767365837763
"Total Adjusted Payroll Allocations",183791796,8,"houston-astros",2022,"HOU","American League","West",4669571,187513008,2,"Houston Astros",106,56,0.654,4.5,3.2,1.4,-0.1,1.3,"106-56",0,"17-15","26-8","51-25","8-Dec","55-26","51-30","6-May","28-16","64-44","42-12","42-27","64-29","","","","",6.65832811847939
"Total Adjusted Payroll Allocations",92613711,24,"kansas-city-royals",2022,"KCR","American League","Central",1776062,93813025,26,"Kansas City Royals",65,97,0.401,4,5,-1,0.1,-1,"64-98",1,"13-22","33-43","19-Dec","13-Jul","39-42","26-55","5-May","16-20","45-76","20-21","34-58","31-39","","","","",7.54983443527075
"Total Adjusted Payroll Allocations",177727811,9,"los-angeles-angels",2022,"LAA","American League","West",16373645,174752725,21,"Los Angeles Angels",73,89,0.451,3.8,4.1,-0.3,0.1,-0.1,"76-86",-3,"23-Nov","18-14","37-39","13-Jul","40-41","33-48","8-Jul","18-28","50-63","23-26","34-58","39-31","","","","",2.64575131106459
"Total Adjusted Payroll Allocations",270381426,1,"los-angeles-dodgers",2022,"LAD","National League","West",16373645,270591767,1,"Los Angeles Dodgers",111,51,0.685,5.2,3.2,2.1,-0.2,1.8,"116-46",-5,"19-14","23-10","54-22","15-5","57-24","54-27","9-Jun","16-15","79-35","32-16","50-27","61-24","","","","",2.88675134594813
"Total Adjusted Payroll Allocations",88454422,25,"miami-marlins",2022,"MIA","National League","East",3878380,83642932,22,"Miami Marlins",69,93,0.426,3.6,4.2,-0.6,0.1,-0.5,"70-92",-1,"34-42","15-18","21-Dec","12-Aug","34-47","35-46","9-Aug","24-40","51-73","18-20","36-65","33-28","","","","",6.42910050732864
"Total Adjusted Payroll Allocations",130769325,19,"milwaukee-brewers",2022,"MIL","National League","Central",1689572,135169682,12,"Milwaukee Brewers",86,76,0.531,4.5,4.2,0.2,-0.2,0,"85-77",1,"13-18","42-34","16-19","15-5","46-35","40-41","9-Sep","28-23","59-51","27-25","35-36","51-40","","","","",4.58257569495584
"Total Adjusted Payroll Allocations",150363491,15,"minnesota-twins",2022,"MIN","American League","Central",2968806,151057543,17,"Minnesota Twins",78,84,0.481,4.3,4.2,0.1,-0.1,0,"82-80",-4,"18-16","39-37","13-19","12-Aug","46-35","32-49","10-May","20-28","51-62","27-22","39-53","39-31","","","","",14.9331845230681
"Total Adjusted Payroll Allocations",264342506,2,"new-york-mets",2022,"NYM","National League","East",21199865,274912453,4,"New York Mets",101,61,0.623,4.8,3.7,1,-0.1,1,"99-63",2,"50-26","23-10","19-14","11-Sep","54-27","47-34","2-Oct","21-15","69-38","32-23","45-37","56-24","","","","",12.1243556529821
"Total Adjusted Payroll Allocations",252957200,3,"new-york-yankees",2022,"NYY","American League","East",21199865,254720765,5,"New York Yankees",99,63,0.611,5,3.5,1.5,0,1.5,"106-56",-7,"47-29","25-8","17-16","10-Oct","57-24","42-39","8-Oct","31-27","73-48","26-15","50-43","49-20","","","","",5.56776436283002
"Total Adjusted Payroll Allocations",244484097,4,"philadelphia-phillies",2022,"PHI","National League","East",6188463,238496394,11,"Philadelphia Phillies",87,75,0.537,4.6,4.2,0.4,0,0.4,"87-75",0,"41-35","20-13","17-16","11-Sep","47-34","40-41","6-Aug","22-25","59-57","28-18","34-47","53-28","","","","",3.21455025366432
"Total Adjusted Payroll Allocations",56184032,28,"pittsburgh-pirates",2022,"PIT","National League","Central",2358695,61196070,27,"Pittsburgh Pirates",62,100,0.383,3.6,5,-1.4,0,-1.4,"58-104",4,"26-Sep","35-41","14-17","16-Apr","34-47","28-53","9-Apr","21-27","40-67","22-33","26-64","36-36","","","","",4.35889894354067
"Total Adjusted Payroll Allocations",224511694,5,"san-diego-padres",2022,"SDP","National League","West",2813833,221824718,10,"San Diego Padres",89,73,0.549,4.4,4.1,0.3,0,0.3,"86-76",3,"19-15","21-11","41-35","12-Aug","44-37","45-36","5-Dec","30-17","58-50","31-23","38-44","51-29","","","","",9.50438495292217
"Total Adjusted Payroll Allocations",161717317,12,"san-francisco-giants",2022,"SFG","National League","West",7039362,162004408,16,"San Francisco Giants",81,81,0.5,4.4,4.3,0.1,0,0.1,"83-79",-2,"19-14","19-14","33-43","10-Oct","44-37","37-44","7-Jul","22-27","52-55","29-26","31-47","50-34","","","","",16.2890556304942
"Total Adjusted Payroll Allocations",110826407,22,"seattle-mariners",2022,"SEA","American League","West",3554760,116266600,9,"Seattle Mariners",90,72,0.556,4.3,3.8,0.4,0,0.4,"89-73",1,"16-17","21-12","41-35","8-Dec","46-35","44-37","5-Nov","34-22","68-52","22-20","38-33","52-39","","","","",12.7017059221718
"Total Adjusted Payroll Allocations",155378325,13,"st-louis-cardinals",2022,"STL","National League","Central",2603607,165364899,6,"St. Louis Cardinals",93,69,0.574,4.8,3.9,0.8,-0.3,0.6,"95-67",-2,"16-18","48-28","19-13","10-Oct","53-28","40-41","4-Aug","26-17","69-58","24-11","34-38","59-31","","","","",1.52752523165195
"Total Adjusted Payroll Allocations",97167073,23,"tampa-bay-rays",2022,"TBR","American League","East",2395997,97486640,13,"Tampa Bay Rays",86,76,0.531,4.1,3.8,0.3,0.1,0.4,"87-75",-1,"40-36","15-17","19-15","8-Dec","51-30","35-46","10-Nov","27-27","64-60","22-16","41-48","45-28","","","","",7.21110255092798
"Total Adjusted Payroll Allocations",150037446,16,"texas-rangers",2022,"TEX","American League","West",5221801,145561602,23,"Texas Rangers",68,94,0.42,4.4,4.6,-0.2,0.1,-0.1,"77-85",-9,"24-Sep","17-16","31-45","9-Nov","34-47","34-47","9-Jun","15-35","41-66","27-28","30-57","38-37","","","","",9.01849950564579
"Total Adjusted Payroll Allocations",177001966,11,"toronto-blue-jays",2022,"TOR","American League","East",4682897,180692506,8,"Toronto Blue Jays",92,70,0.568,4.8,4.2,0.6,0.1,0.7,"91-71",1,"43-33","19-15","17-15","13-7","47-34","45-36","7-Aug","30-20","80-50","20-Dec","45-49","47-21","","","","",14.1539158303748
"Total Adjusted Payroll Allocations",126672438,20,"washington-nationals",2022,"WSN","National League","East",7608070,136084058,30,"Washington Nationals",55,107,0.34,3.7,5.3,-1.6,0.1,-1.4,"56-106",-1,"17-59","15-18","15-18","12-Aug","26-55","29-52","7-Mar","17-22","39-67","16-40","30-70","25-37","","","","",19.6977156035922
"Total Adjusted Payroll Allocations",116777354,20,"arizona-diamondbacks",2023,"ARI","National League","West",3251876,128891972,12,"Arizona Diamondbacks",84,78,0.519,4.6,4.7,-0.1,0,-0.1,"80-82",4,"14-18","20-12","29-23","21-25","43-38","41-40","4-May","21-21","56-57","28-21","40-50","44-28","","","","",16.3707055437449
"Total Adjusted Payroll Allocations",62243227,30,"athletics",2023,"OAK","American League","West",7039362,62678156,30,"Oakland Athletics",50,112,0.309,3.6,5.7,-2.1,0.1,-2,"49-113",1,"24-Aug","14-18","14-38","14-32","26-55","24-57","8-Jun","20-27","31-85","19-27","22-76","28-36","","","","",18.5831464863551
"Total Adjusted Payroll Allocations",204689131,10,"atlanta-braves",2023,"ATL","National League","East",4112198,201457158,1,"Atlanta Braves",104,58,0.642,5.8,4.4,1.4,-0.1,1.4,"101-61",3,"35-17","22-9","21-12","26-20","52-29","52-29","3-Aug","23-18","81-49","23-9","55-33","49-25","","","","",8.50490054811538
"Total Adjusted Payroll Allocations",68706439,29,"baltimore-orioles",2023,"BAL","American League","East",7608070,79264089,2,"Baltimore Orioles",101,61,0.623,5,4.2,0.8,0,0.8,"94-68",7,"32-20","22-10","21-11","26-20","49-32","52-29","6-Nov","30-16","65-44","36-17","51-39","50-22","","","","",24.7857485933617
"Total Adjusted Payroll Allocations",180926796,13,"boston-red-sox",2023,"BOS","American League","East",5819100,203096349,20,"Boston Red Sox",78,84,0.481,4.8,4.8,0,0.1,0.1,"81-81",-3,"24-28","19-13","15-17","20-26","39-42","39-42","6-Apr","18-25","54-66","24-18","51-55","27-29","","","","",8.08290376865476
"Total Adjusted Payroll Allocations",189409358,11,"chicago-cubs",2023,"CHC","National League","Central",9157540,195546627,14,"Chicago Cubs",83,79,0.512,5.1,4.5,0.6,-0.1,0.5,"90-72",-7,"20-Nov","30-22","17-16","25-21","45-36","38-43","6-Mar","21-24","54-57","29-22","38-51","45-28","","","","",6.2449979983984
"Total Adjusted Payroll Allocations",162863836,15,"chicago-white-sox",2023,"CHW","American League","Central",9157540,178557920,27,"Chicago White Sox",61,101,0.377,4,5.2,-1.2,0,-1.3,"61-101",0,"20-Nov","23-29","21-Dec","15-31","31-50","30-51","11-May","19-30","47-77","14-24","26-59","35-42","","","","",16.1658075373095
"Total Adjusted Payroll Allocations",95573417,24,"cincinnati-reds",2023,"CIN","National League","Central",1979202,93330389,16,"Cincinnati Reds",82,80,0.506,4.8,5.1,-0.2,0,-0.2,"77-85",5,"15-17","21-31","18-14","28-18","38-43","44-37","5-Oct","34-29","59-55","23-25","41-47","41-33","","","","",11.8462370959446
"Total Adjusted Payroll Allocations",88911627,26,"cleveland-guardians",2023,"CLE","American League","Central",2945831,96142370,21,"Cleveland Guardians",76,86,0.469,4.1,4.3,-0.2,-0.1,-0.3,"77-85",-1,"16-16","23-29","17-15","20-26","42-39","34-47","9-Nov","27-31","52-51","24-35","41-45","35-41","","","","",8.32666399786453
"Total Adjusted Payroll Allocations",171026607,14,"colorado-rockies",2023,"COL","National League","West",2581506,161308532,28,"Colorado Rockies",59,103,0.364,4.5,5.9,-1.5,0.1,-1.3,"60-102",-1,"14-20","13-17","14-38","18-28","37-44","22-59","4-Jun","23-24","37-74","22-29","31-72","28-31","","","","",7.54983443527075
"Total Adjusted Payroll Allocations",119344514,19,"detroit-tigers",2023,"DET","American League","Central",5456428,125411146,19,"Detroit Tigers",78,84,0.481,4.1,4.6,-0.5,-0.1,-0.6,"73-89",5,"25-Jul","35-17","15-17","21-25","37-44","41-40","8-Oct","21-20","62-62","16-22","31-54","47-30","","","","",6.65832811847939
"Total Adjusted Payroll Allocations",237107748,7,"houston-astros",2023,"HOU","American League","West",4669571,212152828,6,"Houston Astros",90,72,0.556,5.1,4.3,0.8,-0.1,0.7,"93-69",-3,"16-17","14-17","32-20","28-18","39-42","51-30","8-Jan","20-21","62-51","28-21","42-43","48-29","","","","",8.18535277187245
"Total Adjusted Payroll Allocations",95596347,23,"kansas-city-royals",2023,"KCR","American League","Central",1776062,100299784,29,"Kansas City Royals",56,106,0.346,4.2,5.3,-1.1,0,-1.2,"64-98",-8,"24-Sep","20-32","20-Nov","16-30","33-48","23-58","4-Mar","21-20","42-79","14-27","25-60","31-46","","","","",9
"Total Adjusted Payroll Allocations",227884276,8,"los-angeles-angels",2023,"LAA","American League","West",16373645,230450201,24,"Los Angeles Angels",73,89,0.451,4.6,5.1,-0.6,0,-0.5,"73-89",0,"14-18","18-14","22-30","19-27","38-43","35-46","8-Jul","22-21","57-64","16-25","35-63","38-26","","","","",2.3094010767585
"Total Adjusted Payroll Allocations",240278296,6,"los-angeles-dodgers",2023,"LAD","National League","West",16373645,241318147,3,"Los Angeles Dodgers",100,62,0.617,5.6,4.3,1.3,-0.1,1.2,"100-62",0,"17-14","19-14","34-18","30-16","53-28","47-34","6-Jun","16-15","74-39","26-23","52-36","48-26","","","","",5.5075705472861
"Total Adjusted Payroll Allocations",105435809,22,"miami-marlins",2023,"MIA","National League","East",3878380,109452470,13,"Miami Marlins",84,78,0.519,4.1,4.5,-0.4,0.1,-0.3,"75-87",9,"26-26","18-15","14-17","26-20","46-35","38-43","3-Jul","33-14","64-59","20-19","38-50","46-28","","","","",9.29157324317757
"Total Adjusted Payroll Allocations",115413345,21,"milwaukee-brewers",2023,"MIL","National League","Central",1689572,133626152,5,"Milwaukee Brewers",92,70,0.568,4.5,4,0.5,0,0.5,"90-72",2,"18-14","33-19","13-19","28-18","49-32","43-38","5-Oct","29-18","70-44","22-26","51-38","41-32","","","","",4.58257569495584
"Total Adjusted Payroll Allocations",155999708,16,"minnesota-twins",2023,"MIN","American League","Central",2968806,166950772,11,"Minnesota Twins",87,75,0.537,4.8,4.1,0.7,-0.2,0.6,"93-69",-6,"13-19","29-23","20-12","25-21","47-34","40-41","8-Dec","19-27","66-58","21-17","37-36","50-39","","","","",7.09459888459759
"Total Adjusted Payroll Allocations",341673777,1,"new-york-mets",2023,"NYM","National League","East",21199865,319533995,23,"New York Mets",75,87,0.463,4.4,4.5,-0.1,0,0,"80-82",-5,"25-27","13-19","18-14","19-27","43-38","32-49","3-Jul","25-28","57-52","18-35","45-57","30-30","","","","",14.4683562761405
"Total Adjusted Payroll Allocations",278651150,2,"new-york-yankees",2023,"NYY","American League","East",21199865,283769980,17,"New York Yankees",82,80,0.506,4.2,4.3,-0.2,0.1,0,"78-84",4,"22-30","18-14","19-13","23-23","42-39","40-41","9-Jun","17-23","67-67","15-13","47-46","35-34","","","","",8.54400374531753
"Total Adjusted Payroll Allocations",245419295,5,"philadelphia-phillies",2023,"PHI","National League","East",6188463,249224162,7,"Philadelphia Phillies",90,72,0.556,4.9,4.4,0.5,0,0.5,"89-73",1,"25-27","19-12","18-15","28-18","49-32","41-40","7-Oct","29-24","60-51","30-21","47-43","43-29","","","","",4.04145188432738
"Total Adjusted Payroll Allocations",74670975,28,"pittsburgh-pirates",2023,"PIT","National League","Central",2358695,72518237,22,"Pittsburgh Pirates",76,86,0.469,4.3,4.9,-0.6,0,-0.6,"71-91",5,"16-17","25-27","16-15","19-27","39-42","37-44","9-Mar","22-17","50-58","26-28","40-62","36-24","","","","",8.38649708360608
"Total Adjusted Payroll Allocations",253450531,3,"san-diego-padres",2023,"SDP","National League","West",2813833,257201438,15,"San Diego Padres",82,80,0.506,4.6,4,0.6,0,0.6,"92-70",-10,"16-16","21-Nov","27-25","28-18","44-37","38-43","12-Feb","23-Sep","54-61","28-19","40-51","42-29","","","","",5.13160143944688
"Total Adjusted Payroll Allocations",187398165,12,"san-francisco-giants",2023,"SFG","National League","West",7039362,199846286,18,"San Francisco Giants",79,83,0.488,4.2,4.4,-0.3,0,-0.3,"76-86",3,"13-18","20-13","26-26","20-26","45-36","34-47","5-Nov","25-19","51-63","28-20","46-55","33-28","","","","",15.6204993518133
"Total Adjusted Payroll Allocations",124766903,18,"seattle-mariners",2023,"SEA","American League","West",3554760,136588413,10,"Seattle Mariners",88,74,0.543,4.7,4.1,0.6,-0.1,0.6,"91-71",-3,"13-18","20-13","33-19","22-24","45-36","43-38","14-Jun","25-26","66-55","22-19","38-48","50-26","","","","",1.15470053837925
"Total Adjusted Payroll Allocations",153793028,17,"st-louis-cardinals",2023,"STL","National League","Central",2603607,173076856,25,"St. Louis Cardinals",71,91,0.438,4.4,5.1,-0.7,0,-0.6,"71-91",0,"14-18","21-31","13-19","23-23","35-46","36-45","6-Jun","17-26","54-66","17-25","45-56","26-35","","","","",11.9303534454489
"Total Adjusted Payroll Allocations",74948362,27,"tampa-bay-rays",2023,"TBR","American League","East",2395997,83828478,4,"Tampa Bay Rays",99,63,0.611,5.3,4.1,1.2,0,1.2,"100-62",-1,"31-21","23-9","18-14","27-19","53-28","46-35","5-Jul","22-25","75-52","24-11","48-44","51-19","","","","",7.81024967590665
"Total Adjusted Payroll Allocations",251332754,4,"texas-rangers",2023,"TEX","American League","West",5221801,241138664,8,"Texas Rangers",90,72,0.556,5.4,4.4,1,-0.1,0.9,"96-66",-6,"20-12","19-13","29-23","22-24","50-31","40-41","8-Feb","14-22","62-56","28-16","42-45","48-27","","","","",15.5349069303081
"Total Adjusted Payroll Allocations",214630885,9,"toronto-blue-jays",2023,"TOR","American League","East",4682897,217771850,9,"Toronto Blue Jays",89,73,0.549,4.6,4.1,0.5,0.1,0.5,"89-73",0,"21-31","22-10","16-16","30-16","43-38","46-35","9-Oct","25-20","69-58","20-15","43-50","46-23","","","","",1.52752523165195
"Total Adjusted Payroll Allocations",93378663,25,"washington-nationals",2023,"WSN","National League","East",7608070,110743794,26,"Washington Nationals",71,91,0.438,4.3,5.2,-0.9,0.1,-0.8,"67-95",4,"19-33","14-19","15-16","23-23","34-47","37-44","2-Jun","28-21","47-60","24-31","39-63","32-28","","","","",8.08290376865476
"Total Adjusted Payroll Allocations",172806829,13,"arizona-diamondbacks",2024,"ARI","National League","West",3251876,177136401,10,"Arizona Diamondbacks",89,73,0.549,5.5,4.9,0.6,0,0.6,"90-72",-1,"18-15","19-12","28-24","24-22","44-37","45-36","8-May","26-20","61-44","28-29","45-48","44-25","W 1","5-May","10-Oct","14-16",7.63762615825973
"Total Adjusted Payroll Allocations",62132581,30,"athletics",2024,"OAK","American League","West",7039362,66467058,26,"Oakland Athletics",69,93,0.426,4,4.7,-0.7,0,-0.8,"68-94",1,"20-Dec","22-Oct","23-29","24-22","38-43","31-50","10-May","28-26","49-74","20-19","33-65","36-28","L 3","7-Mar","13-Jul","18-Dec",9.50438495292217
"Total Adjusted Payroll Allocations",236433901,6,"atlanta-braves",2024,"ATL","National League","East",4112198,233983496,8,"Atlanta Braves",89,73,0.549,4.3,3.7,0.6,0,0.6,"92-70",-3,"28-24","13-17","17-17","31-15","46-35","43-38","5-Dec","18-25","60-56","29-17","52-41","37-32","W 1","3-Jul","8-Dec","17-13",7.93725393319377
"Total Adjusted Payroll Allocations",109335494,22,"baltimore-orioles",2024,"BAL","American League","East",7608070,105416838,7,"Baltimore Orioles",91,71,0.562,4.9,4.3,0.5,-0.1,0.5,"90-72",1,"32-20","21-11","18-14","20-26","44-37","47-34","6-May","14-18","68-51","23-20","47-44","44-27","W 3","3-Jul","11-Sep","15-15",9.01849950564579
"Total Adjusted Payroll Allocations",188537445,11,"boston-red-sox",2024,"BOS","American League","East",5819100,188194381,18,"Boston Red Sox",81,81,0.5,4.6,4.6,0,0,0,"81-81",0,"25-27","16-17","19-12","21-25","38-43","43-38","10-Oct","18-13","64-55","17-26","37-56","44-25","W 1","5-May","11-Sep","13-17",1.73205080756888
"Total Adjusted Payroll Allocations",229567975,7,"chicago-cubs",2024,"CHC","National League","Central",9157540,229724211,15,"Chicago Cubs",83,79,0.512,4.5,4.1,0.4,0,0.4,"88-74",-5,"17-16","23-29","16-15","27-19","44-37","39-42","5-Jul","23-28","69-59","14-20","43-47","40-32","L 1","4-Jun","9-Nov","17-13",5.19615242270663
"Total Adjusted Payroll Allocations",132497547,18,"chicago-white-sox",2024,"CHW","American League","Central",9157540,153903789,30,"Chicago White Sox",41,121,0.253,3.1,5,-1.9,0.1,-1.8,"48-114",-7,"22-Oct","Oct-42","22-Oct","Nov-35","23-58","18-63","10-Apr","13-29","30-92","29-Nov","23-90","18-31","W 2","5-May","11-Sep","20-Oct",20
"Total Adjusted Payroll Allocations",100254855,25,"cincinnati-reds",2024,"CIN","National League","Central",1979202,106970322,22,"Cincinnati Reds",77,85,0.475,4.3,4.3,0,0.1,0.1,"82-80",-5,"17-15","24-28","15-17","21-25","39-42","38-43","5-May","15-28","61-59","16-26","46-59","31-26","W 1","7-Mar","11-Sep","14-16",10.4083299973307
"Total Adjusted Payroll Allocations",105224582,23,"cleveland-guardians",2024,"CLE","American League","Central",2945831,109502409,6,"Cleveland Guardians",92,69,0.571,4.4,3.9,0.5,-0.1,0.4,"90-71",2,"18-15","30-22","20-10","24-22","50-30","42-39","3-Oct","26-19","63-58","29-11","50-47","42-22","L 2","5-May","9-Nov","17-13",9.23760430703401
"Total Adjusted Payroll Allocations",146100965,17,"colorado-rockies",2024,"COL","National League","West",2581506,151284860,29,"Colorado Rockies",61,101,0.377,4.2,5.7,-1.5,0.2,-1.3,"59-103",2,"20-Nov","21-Dec","18-34","20-26","37-44","24-57","4-Aug","26-21","46-69","15-32","42-63","19-38","L 3","8-Feb","12-Aug","18-Dec",4.72581562625261
"Total Adjusted Payroll Allocations",96961614,26,"detroit-tigers",2024,"DET","American League","Central",5456428,101035919,13,"Detroit Tigers",86,76,0.531,4.2,4,0.2,-0.1,0.2,"85-77",1,"20-12","28-24","16-16","22-24","43-38","43-38","9-Oct","31-24","65-64","21-12","47-50","39-26","L 2","3-Jul","15-5","20-10",10.0664459136943
"Total Adjusted Payroll Allocations",251059896,3,"houston-astros",2024,"HOU","American League","West",4669571,244875028,11,"Houston Astros",88,73,0.547,4.6,4,0.6,-0.1,0.4,"90-71",-2,"19-14","18-12","29-23","22-24","46-35","42-38","10-Jun","18-27","63-52","25-21","41-43","47-30","W 2","4-Jun","8-Dec","18-12",9.86576572463249
"Total Adjusted Payroll Allocations",122566873,20,"kansas-city-royals",2024,"KCR","American League","Central",1776062,121823972,12,"Kansas City Royals",86,76,0.531,4.5,4,0.6,-0.1,0.5,"91-71",-5,"14-18","33-19","16-16","23-23","45-36","41-40","5-Mar","17-21","70-55","16-21","45-54","41-22","W 1","6-Apr","11-Sep","18-Dec",15.3948043183407
"Total Adjusted Payroll Allocations",172189987,14,"los-angeles-angels",2024,"LAA","American League","West",16373645,178975716,27,"Los Angeles Angels",63,99,0.389,3.9,4.9,-1,0,-1,"64-98",-1,"22-Oct","22-Oct","21-31","22-24","32-49","31-50","8-Apr","22-26","49-79","14-20","40-58","23-41","L 6","9-Jan","16-Apr","21-Sep",5.77350269189626
"Total Adjusted Payroll Allocations",240240117,5,"los-angeles-dodgers",2024,"LAD","National League","West",16373645,270841245,1,"Los Angeles Dodgers",98,64,0.605,5.2,4.2,1,0,1,"96-66",2,"19-12","18-15","31-21","30-16","52-29","46-35","7-Sep","21-17","62-47","36-17","51-41","47-23","W 5","2-Aug","13-7","20-10",7
"Total Adjusted Payroll Allocations",96590305,27,"miami-marlins",2024,"MIA","National League","East",3878380,98142446,28,"Miami Marlins",62,100,0.383,3.9,5.2,-1.3,0.1,-1.1,"61-101",1,"18-34","21-Dec","13-18","19-27","30-51","32-49","9-Oct","23-20","51-55","Nov-45","42-61","20-39","W 4","4-Jun","11-Sep","14-16",11.2398102000582
"Total Adjusted Payroll Allocations",114223379,21,"milwaukee-brewers",2024,"MIL","National League","Central",1689572,98142446,4,"Milwaukee Brewers",93,69,0.574,4.8,4,0.8,0,0.8,"95-67",-2,"15-15","32-20","15-19","31-15","47-34","46-35","9-Jun","28-25","69-45","24-24","52-41","41-28","L 1","5-May","9-Nov","17-13",3.78593889720018
"Total Adjusted Payroll Allocations",129080051,19,"minnesota-twins",2024,"MIN","American League","Central",2968806,132543419,17,"Minnesota Twins",82,80,0.506,4.6,4.5,0,-0.1,0,"82-80",0,"21-Oct","29-23","25-8","18-28","43-38","39-42","9-May","22-20","61-55","21-25","39-59","43-21","L 4","8-Feb","14-Jun","20-Oct",4.50924975282289
"Total Adjusted Payroll Allocations",314748899,1,"new-york-mets",2024,"NYM","National League","East",21199865,333262507,9,"New York Mets",89,73,0.549,4.7,4.3,0.4,0,0.4,"88-74",1,"30-22","18-14","17-15","24-22","46-35","43-38","8-Aug","28-16","65-51","24-22","47-46","42-27","L 1","5-May","9-Nov","20-10",13.0128141972954
"Total Adjusted Payroll Allocations",308574607,2,"new-york-yankees",2024,"NYY","American League","East",21199865,310916392,3,"New York Yankees",94,68,0.58,5,4.1,0.9,-0.1,0.8,"96-66",-2,"26-26","24-7","21-12","23-23","44-37","50-31","8-Aug","19-18","73-45","21-23","55-38","39-30","W 1","5-May","8-Dec","16-14",8.7368949480541
"Total Adjusted Payroll Allocations",246299605,4,"philadelphia-phillies",2024,"PHI","National League","East",6188463,249094493,2,"Philadelphia Phillies",95,67,0.586,4.8,4.1,0.7,0,0.7,"92-70",3,"29-23","18-14","22-10","26-20","54-27","41-40","8-Aug","23-20","61-43","34-24","49-41","46-26","W 1","6-Apr","10-Oct","17-13",4.04145188432738
"Total Adjusted Payroll Allocations",84050989,29,"pittsburgh-pirates",2024,"PIT","National League","Central",2358695,87300901,23,"Pittsburgh Pirates",76,86,0.469,4.1,4.6,-0.5,0.1,-0.4,"73-89",3,"20-14","25-27","20-Oct","21-25","39-42","37-44","8-Jul","25-26","52-63","24-23","44-61","32-25","L 1","5-May","10-Oct","14-16",8.08290376865476
"Total Adjusted Payroll Allocations",170855090,15,"san-diego-padres",2024,"SDP","National League","West",2813833,171989899,5,"San Diego Padres",93,69,0.574,4.7,4.1,0.6,0,0.6,"90-72",3,"17-15","22-10","27-25","27-19","45-36","48-33","2-Oct","22-19","66-50","27-19","50-44","43-25","L 1","3-Jul","13-7","19-11",5.56776436283002
"Total Adjusted Payroll Allocations",201967381,10,"san-francisco-giants",2024,"SFG","National League","West",7039362,210889334,20,"San Francisco Giants",80,82,0.494,4.3,4.3,0,0.1,0,"80-82",0,"16-17","15-16","26-26","23-23","42-39","38-43","9-Jul","24-24","61-57","19-25","46-59","34-23","L 1","4-Jun","9-Nov","14-16",1
"Total Adjusted Payroll Allocations",147930632,16,"seattle-mariners",2024,"SEA","American League","West",3554760,145385974,14,"Seattle Mariners",85,77,0.525,4.2,3.7,0.4,-0.1,0.3,"89-73",-4,"13-19","14-18","32-20","26-20","49-32","36-45","8-Sep","27-28","61-55","24-22","40-46","45-31","W 4","2-Aug","13-7","18-12",2.51661147842358
"Total Adjusted Payroll Allocations",175932759,12,"st-louis-cardinals",2024,"STL","National League","Central",2603607,178307638,16,"St. Louis Cardinals",83,79,0.512,4.1,4.4,-0.3,0.1,-0.2,"76-86",7,"15-16","26-26","18-15","24-22","44-37","39-42","9-Aug","29-22","59-59","24-20","44-48","39-31","W 1","4-Jun","9-Nov","18-12",11.0151410945722
"Total Adjusted Payroll Allocations",89707422,28,"tampa-bay-rays",2024,"TBR","American League","East",2395997,90342690,19,"Tampa Bay Rays",80,82,0.494,3.7,4.1,-0.4,0,-0.4,"74-88",6,"26-26","14-18","14-18","26-20","42-39","38-43","5-Aug","30-22","61-64","19-18","47-57","33-25","L 1","4-Jun","10-Oct","14-16",9.71253485622231
"Total Adjusted Payroll Allocations",225545408,8,"texas-rangers",2024,"TEX","American League","West",5221801,240847326,21,"Texas Rangers",78,84,0.481,4.2,4.6,-0.3,-0.1,-0.4,"75-87",3,"14-17","20-13","25-27","19-27","44-37","34-47","2-Sep","26-20","60-62","18-22","39-60","39-24","W 3","5-May","10-Oct","17-13",11.0151410945722
"Total Adjusted Payroll Allocations",218402819,9,"toronto-blue-jays",2024,"TOR","American League","East",4682897,218430267,24,"Toronto Blue Jays",74,88,0.457,4.1,4.6,-0.4,0,-0.4,"73-89",1,"21-31","13-19","20-12","20-26","39-42","35-46","5-May","19-30","60-66","14-22","43-63","31-25","L 3","8-Feb","13-Jul","20-Oct",9.64365076099295
"Total Adjusted Payroll Allocations",103945407,24,"washington-nationals",2024,"WSN","National League","East",7608070,130310823,25,"Washington Nationals",71,91,0.438,4.1,4.7,-0.6,0.1,-0.6,"70-92",1,"25-27","15-18","21-Oct","21-25","38-43","33-48","12-May","14-23","51-63","20-28","38-67","33-24","L 1","7-Mar","13-Jul","18-Dec",9.23760430703401
